Covariants	Count	Max_count	Freq	Coverage_start	Coverage_end
G23149T(S:K529N) G23224T(S:E554D)	4410	5209	0.846611633710885	23145	23224
T23815C(S:N751N) C23854A(S:N764K)	4126	7302	0.5650506710490276	23811	23854
G23224T(S:E554D) G23285T(S:A575S) G23311T(S:E583D)	3587	3758	0.954497072911123	23223	23311
C21588T(S:P9L) G21624C(S:R21T) C21639T(S:P26L)	3382	4196	0.8060057197330791	21575	21639
C23854A(S:N764K)	3000	7302	0.4108463434675431	23810	23854
C23673T(S:S704L)	2447	9269	0.26399827381594565	23672	23728
G23285T(S:A575S) G23311T(S:E583D) A23403G(S:D614G)	1858	1960	0.9479591836734694	23284	23403
(21967,36)(S:DEL136/147) T22032C(S:F157S) T22054A(S:N164K) C22077T(S:S172F)	1425	1480	0.9628378378378378	21936	22077
G21518T(ORF1b:R2684I) C21588T(S:P9L)	1188	4762	0.24947501049979	21514	21589
T23599G(S:N679K) C23604G(S:P681R)	1170	2482	0.47139403706688154	23598	23692
G23311T(S:E583D) A23403G(S:D614G) A23436G(S:H625R)	1148	1214	0.9456342668863262	23310	23436
C23625A(S:A688D) C23673T(S:S704L)	1113	4672	0.2382277397260274	23624	23706
C21588T(S:P9L)	1091	7628	0.1430256948085999	21517	21589
T23815C(S:N751N)	905	9227	0.09808171670098624	23805	23815
A23403G(S:D614G) A23436G(S:H625R)	889	2111	0.42112742775935574	23349	23436
G23285T(S:A575S) G23311T(S:E583D)	875	6603	0.13251552324700894	23283	23312
T22054A(S:N164K) C22077T(S:S172F) A22122C(S:K187T)	859	2113	0.4065309985802177	22053	22124
G21518T(ORF1b:R2684I)	846	6640	0.12740963855421686	21483	21564
T22032C(S:F157S) T22054A(S:N164K) C22077T(S:S172F) A22122C(S:K187T)	801	856	0.9357476635514018	22031	22122
(21967,36)(S:DEL136/147) T22032C(S:F157S) T22054A(S:N164K)	747	2275	0.3283516483516484	21943	22054
A23598G(S:N679R) T23599G(S:N679R) C23604A(S:P681H) C23625A(S:A688D) C23673T(S:S704L)	729	2456	0.2968241042345277	23593	23692
G21518T(ORF1b:R2684I) C21588T(S:P9L) G21624C(S:R21T) C21639T(S:P26L)	671	1375	0.488	21517	21639
G23149T(S:K529N)	638	5859	0.10889230244068954	23129	23212
C21588T(S:P9L) G21624C(S:R21T)	592	5263	0.11248337450123504	21572	21624
G23149T(S:K529N) G23224T(S:E554D) G23285T(S:A575S)	584	634	0.9211356466876972	23148	23285
A22122C(S:K187T) (22193,3)(S:DEL212) (22203,'TGCTTCAGACAC')(S:INS215CFRH)	511	587	0.8705281090289608	22119	22219
C22077T(S:S172F) A22122C(S:K187T)	490	2680	0.1828358208955224	22076	22170
G23948T(S:D796Y)	480	512	0.9375	23947	23966
G21518T(ORF1b:R2684I) C21588T(S:P9L) G21624C(S:R21T)	456	2397	0.1902377972465582	21515	21624
C24553T(S:I997I)	412	1185	0.34767932489451475	24550	24571
G23224T(S:E554D) G23285T(S:A575S)	378	4744	0.07967959527824621	23222	23285
(21967,36)(S:DEL136/147) T22032C(S:F157S)	277	2557	0.10833007430582714	21943	22038
G23311T(S:E583D) A23403G(S:D614G)	190	3363	0.05649717514124294	23309	23403
T22054A(S:N164K) C22077T(S:S172F) A22122C(S:K187T) (22193,3)(S:DEL212)	187	217	0.8617511520737328	22053	22201
C24990T(S:P1143L) C25000T(S:D1146D)	183	458	0.39956331877729256	24987	25000
C23673T(S:S704L) T23815C(S:N751N)	161	366	0.43989071038251365	23672	23815
T22054A(S:N164K) C22077T(S:S172F) A22122C(S:K187T) A22194T	114	336	0.3392857142857143	22053	22194
G22770A(S:R403K) G22775A(S:D405N) A22786T(S:R408S) G22813T(S:K417N)	106	145	0.7310344827586207	22736	22814
A23403G(S:D614G)	103	4349	0.023683605426534835	23333	23410
C25114A(S:D1184E)	96	179	0.5363128491620112	25012	25114
A22122C(S:K187T)	89	3351	0.026559236048940615	22093	22188
T23599G(S:N679K) C23604G(S:P681R) C23657A(S:L699I)	81	2482	0.03263497179693795	23592	23692
T22032C(S:F157S) T22054A(S:N164K) C22077T(S:S172F)	76	2386	0.03185247275775356	22029	22104
A23598G(S:N679R) T23599G(S:N679R) C23604A(S:P681H)	72	2456	0.029315960912052116	23592	23693
A22538G(S:I326V) G22577T(S:G339Y) G22578A(S:G339Y) G22604C(S:A348P) A22629C(S:K356T)	72	144	0.5	22537	22629
G22577T(S:G339Y) G22578A(S:G339Y) G22604C(S:A348P) A22629C(S:K356T) C22674T(S:S371F) T22679C(S:S373P) C22686T(S:S375F)	72	79	0.9113924050632911	22571	22689
C22498T A22538G(S:I326V) G22577T(S:G339Y) G22578A(S:G339Y) G22604C(S:A348P)	61	108	0.5648148148148148	22497	22608
A23598G(S:N679R) T23599G(S:N679R) C23604A(S:P681H) C23625A(S:A688D) C23657A(S:L699I) C23673T(S:S704L)	60	2456	0.024429967426710098	23592	23698
G22604C(S:A348P) A22629C(S:K356T) C22674T(S:S371F) T22679C(S:S373P) C22686T(S:S375F)	60	141	0.425531914893617	22603	22706
G21624C(S:R21T) C21639T(S:P26L)	57	4242	0.013437057991513438	21620	21654
G23224T(S:E554D)	52	9362	0.005554368724631489	23180	23238
A22122C(S:K187T) (22193,3)(S:DEL212)	51	826	0.06174334140435835	22118	22201
C21846T(S:T95I) T21864C(S:I101T)	48	91	0.5274725274725275	21842	21895
C21762T(S:A67V) (21764,6)(S:DEL69/70)	47	111	0.42342342342342343	21723	21796
C22498T A22538G(S:I326V) G22577T(S:G339Y) G22578A(S:G339Y) G22604C(S:A348P) A22629C(S:K356T)	45	46	0.9782608695652174	22497	22629
C25207T(S:Y1215Y)	39	41	0.9512195121951219	25205	25216
A23598G(S:N679R) T23599G(S:N679R) C23604A(S:P681H) C23625A(S:A688D) C23673T(S:S704F) A23674C(S:S704F)	38	2456	0.015472312703583062	23592	23698
C22674T(S:S371F) T22679C(S:S373P) C22686T(S:S375F) G22770A(S:R403K) G22775A(S:D405N) A22786T(S:R408S)	38	71	0.5352112676056338	22665	22786
(22193,3)(S:DEL212) (22203,'TGCTTCAGACAC')(S:INS215CFRH)	34	621	0.05475040257648953	22135	22222
C23625A(S:A688D) C23657A(S:L699I) C23673T(S:S704L)	33	4672	0.007063356164383561	23620	23716
C21762T(S:A67V) (21764,6)(S:DEL69/70) C21846T(S:T95I) T21864C(S:I101T)	31	33	0.9393939393939394	21748	21865
C23657A(S:L699I) C23673T(S:S704L)	31	8604	0.003602975360297536	23650	23745
T23599G(S:N679K) C23604A(S:P681H) C23625A(S:A688D) C23673T(S:S704L)	30	2482	0.012087026591458501	23598	23694
A22629C(S:K356T) C22674T(S:S371F) T22679C(S:S373P) C22686T(S:S375F)	28	192	0.14583333333333334	22625	22718
G23149T(S:K529N) G23224T(S:E554D) G23262T(S:R567I)	28	1746	0.016036655211912942	23140	23270
G23224T(S:E554D) G23262T(S:R567I) G23285T(S:A575S) G23311T(S:E583D)	27	3758	0.007184672698243746	23222	23311
C21478A(ORF1b:L2671I)	24	4089	0.00586940572267058	21437	21565
C22674T(S:S371F) T22679C(S:S373P) C22686T(S:S375F) G22770A(S:R403K) G22775A(S:D405N) A22786T(S:R408S) G22813T(S:K417N)	24	28	0.8571428571428571	22671	22813
C23604G(S:P681R)	24	2643	0.009080590238365494	23603	23697
C22077T(S:S172F) A22122C(S:K187T) (22193,3)(S:DEL212)	23	257	0.08949416342412451	22075	22201
C21478A(ORF1b:L2671I) G21518T(ORF1b:R2684I)	23	4089	0.005624847150892639	21432	21564
C23604A(S:P681H) C23625A(S:A688D) C23673T(S:S704L)	21	2643	0.007945516458569807	23603	23747
C23744A(S:P728T)	21	11597	0.0018108131413296542	23691	23745
C23657A(S:L699I)	20	8604	0.0023245002324500234	23650	23726
T22054A C22077T(S:S172F) A22122C(S:K187T) (22193,3)(S:DEL212) A22206C(S:D215A)	18	19	0.9473684210526315	22053	22206
A23598G C23604A(S:P681H) C23625A(S:A688D) C23673T(S:S704L)	18	2456	0.007328990228013029	23594	23692
G23262T(S:R567I) G23285T(S:A575S) G23311T(S:E583D)	17	5166	0.0032907471931862176	23261	23376
A23598G(S:N679R) T23599G(S:N679R) C23604A(S:P681H) C23625A(S:A688D) C23673T A23687C(S:N709H)	17	2456	0.006921824104234527	23592	23700
T23599G(S:N679K) C23604G(S:P681R) C23625A(S:A688D) C23673T(S:S704L)	16	2482	0.0064464141821112	23594	23705
G23149T(S:K529N) G23224T(S:E554D) C23248A(S:F562L)	15	2408	0.006229235880398671	23129	23253
C22674T(S:S371F) T22679C(S:S373P) C22686T(S:S375F) G22770A(S:R403K) G22775A(S:D405N)	15	94	0.1595744680851064	22665	22779
C24768A(S:P1069H)	15	580	0.02586206896551724	24706	24774
C21639T(S:P26L) C21762T(S:A67V) (21764,6)(S:DEL69/70)	15	22	0.6818181818181818	21637	21780
C24378T(S:S939F) A24424T(S:Q954H)	15	24	0.625	24325	24426
T22054A(S:N164K) A22122C(S:K187T)	15	2113	0.00709891150023663	22053	22172
G23311T(S:E583D)	15	8014	0.0018717244821562266	23296	23375
T22054A(S:N164K) C22077T(S:S172F)	15	3643	0.0041174855888004395	22038	22184
G21533T(ORF1b:S2689I) C21588T(S:P9L) G21624C(S:R21T) C21639T(S:P26L)	14	2571	0.0054453520031116295	21527	21648
A22538G(S:I326V) G22577T(S:G339Y) G22578A(S:G339Y) G22604C(S:A348P) A22629C(S:K356T) C22674T(S:S371F)	13	23	0.5652173913043478	22537	22674
A22629C(S:K356T) C22674T(S:S371F) T22679C(S:S373P) C22686T(S:S375F) G22770A(S:R403K)	13	22	0.5909090909090909	22626	22771
A22122C(S:K187T) A22194T	13	973	0.013360739979445015	22089	22194
C22077T(S:S172F) A22122C(S:K187T) A22194T	13	391	0.03324808184143223	22074	22194
C25000T(S:D1146D)	12	496	0.024193548387096774	24993	25096
C21762T(S:A67V) (21764,6)(S:DEL69/70) C21846T(S:T95I)	11	46	0.2391304347826087	21743	21850
C23625A(S:A688D) C23673T(S:S704L) C23744A(S:P728T)	11	2144	0.005130597014925373	23620	23764
(21967,36)(S:DEL136/147) T22054A(S:N164K) C22077T(S:S172F)	11	1480	0.007432432432432433	21934	22089
A23598G(S:N679R) T23599G(S:N679R) C23604A(S:P681H) C23625A(S:A688D) A23646C(S:Y695S) C23673T	10	2456	0.004071661237785016	23592	23716
C23625A(S:A688D)	10	4672	0.0021404109589041095	23620	23726
A23598G(S:N679R) T23599G(S:N679R) C23604G(S:P681R)	10	2456	0.004071661237785016	23592	23737
G23149T(S:K529N) A23207G(S:T549A) G23224T(S:E554D)	10	5209	0.001919754271453254	23112	23238
T23803C(S:T747T) T23815C(S:N751N) C23854A(S:N764K)	10	7211	0.0013867702121758425	23771	23911
