REGION	POS	REF	ALT	REF_DP	REF_RV	REF_QUAL	ALT_DP	ALT_RV	ALT_QUAL	ALT_FREQ	TOTAL_DP	PVAL	PASS	GFF_FEATURE	REF_CODON	REF_AA	ALT_CODON	ALT_AA	POS_AA
NC_045512.2	3828	C	T	0	0	0	51	3	33	1	51	5.00489e-30	TRUE	NA	NA	NA	NA	NA	NA
NC_045512.2	3952	T	C	199	52	33	1	0	34	0.005	200	0.501253	FALSE	NA	NA	NA	NA	NA	NA
NC_045512.2	3994	G	A	210	91	33	1	1	26	0.00473934	211	0.876779	FALSE	NA	NA	NA	NA	NA	NA
NC_045512.2	4006	G	C	197	101	33	1	0	34	0.00505051	198	0.501266	FALSE	NA	NA	NA	NA	NA	NA
NC_045512.2	4027	A	G	216	140	32	1	0	34	0.00460829	217	0.501155	FALSE	NA	NA	NA	NA	NA	NA
NC_045512.2	4030	T	A	229	153	33	1	0	26	0.00434783	230	0.876632	FALSE	NA	NA	NA	NA	NA	NA
NC_045512.2	4052	C	T	198	145	33	1	1	26	0.00502513	199	0.751889	FALSE	NA	NA	NA	NA	NA	NA
NC_045512.2	4066	T	C	184	139	33	1	1	34	0.00540541	185	0.501355	FALSE	NA	NA	NA	NA	NA	NA
NC_045512.2	6248	A	T	1759	188	33	1	0	34	0.000568182	1760	0.750213	FALSE	NA	NA	NA	NA	NA	NA
NC_045512.2	6249	A	C	1533	189	31	1	1	26	0.00065189	1534	0.999985	FALSE	NA	NA	NA	NA	NA	NA
NC_045512.2	6255	C	T	0	0	0	2077	262	33	1	2077	0	TRUE	NA	NA	NA	NA	NA	NA
NC_045512.2	6259	T	C	2174	251	33	2	0	34	0.000918695	2177	0.687586	FALSE	NA	NA	NA	NA	NA	NA
NC_045512.2	6259	T	A	2174	251	33	1	1	34	0.000459348	2177	0.875	FALSE	NA	NA	NA	NA	NA	NA
NC_045512.2	6260	A	G	2224	273	33	3	1	34	0.0013471	2227	0.500211	FALSE	NA	NA	NA	NA	NA	NA
NC_045512.2	6262	T	C	2213	279	33	1	0	34	0.000451671	2214	0.875169	FALSE	NA	NA	NA	NA	NA	NA
NC_045512.2	6270	C	G	2507	347	33	1	0	34	0.000398724	2508	0.87515	FALSE	NA	NA	NA	NA	NA	NA
NC_045512.2	6271	G	A	2680	362	33	2	0	34	0.000745712	2682	0.68771	FALSE	NA	NA	NA	NA	NA	NA
NC_045512.2	6273	A	G	2712	376	33	1	0	34	0.000368596	2713	0.875138	FALSE	NA	NA	NA	NA	NA	NA
NC_045512.2	6274	T	A	2717	389	33	1	1	26	0.000367918	2718	1	FALSE	NA	NA	NA	NA	NA	NA
NC_045512.2	6279	C	G	3001	449	33	1	0	34	0.000333111	3002	0.937604	FALSE	NA	NA	NA	NA	NA	NA
NC_045512.2	6283	T	G	3108	446	33	1	0	34	0.00032144	3111	0.93752	FALSE	NA	NA	NA	NA	NA	NA
NC_045512.2	6283	T	A	3108	446	33	2	1	34	0.00064288	3111	0.812601	FALSE	NA	NA	NA	NA	NA	NA
NC_045512.2	6287	T	A	3208	515	33	1	1	26	0.000311624	3209	1	FALSE	NA	NA	NA	NA	NA	NA
NC_045512.2	6288	G	C	3499	514	33	1	1	34	0.000285714	3500	0.937589	FALSE	NA	NA	NA	NA	NA	NA
NC_045512.2	6290	T	-GTATAC	4053	621	33	1	0	20	0.000246731	4053	1	FALSE	NA	NA	NA	NA	NA	NA
NC_045512.2	6291	G	T	4082	616	33	1	0	34	0.000244858	4084	0.968769	FALSE	NA	NA	NA	NA	NA	NA
NC_045512.2	6291	G	C	4082	616	33	1	1	34	0.000244858	4084	0.968769	FALSE	NA	NA	NA	NA	NA	NA
NC_045512.2	6295	A	T	4043	644	33	1	0	26	0.000247219	4045	1	FALSE	NA	NA	NA	NA	NA	NA
NC_045512.2	6295	A	G	4043	644	33	1	0	34	0.000247219	4045	0.968769	FALSE	NA	NA	NA	NA	NA	NA
NC_045512.2	6296	C	G	4176	672	33	1	0	34	0.000239406	4177	0.968787	FALSE	NA	NA	NA	NA	NA	NA
NC_045512.2	6297	G	A	4189	670	33	1	0	34	0.000238663	4190	0.968806	FALSE	NA	NA	NA	NA	NA	NA
NC_045512.2	6301	T	C	4258	622	33	1	0	34	0.000234797	4259	0.968805	FALSE	NA	NA	NA	NA	NA	NA
NC_045512.2	6302	C	G	4385	744	33	2	0	30	0.000455892	4387	0.890759	FALSE	NA	NA	NA	NA	NA	NA
NC_045512.2	6311	A	G	4668	907	33	1	0	26	0.000214179	4669	1	FALSE	NA	NA	NA	NA	NA	NA
NC_045512.2	6313	A	T	4715	926	33	1	1	34	0.000211999	4717	0.968783	FALSE	NA	NA	NA	NA	NA	NA
NC_045512.2	6313	A	C	4715	926	33	1	1	34	0.000211999	4717	0.968783	FALSE	NA	NA	NA	NA	NA	NA
NC_045512.2	6314	A	G	4713	933	33	1	0	34	0.000212134	4714	0.9688	FALSE	NA	NA	NA	NA	NA	NA
NC_045512.2	6317	C	G	4678	933	33	1	0	26	0.000213721	4679	1	FALSE	NA	NA	NA	NA	NA	NA
NC_045512.2	6323	G	A	4807	1007	33	1	0	34	0.000207987	4808	0.968799	FALSE	NA	NA	NA	NA	NA	NA
NC_045512.2	6323	G	-A	4807	1007	33	1	0	20	0.000207987	4808	1	FALSE	NA	NA	NA	NA	NA	NA
NC_045512.2	6324	A	T	4847	1022	33	1	1	26	0.000206271	4848	1	FALSE	NA	NA	NA	NA	NA	NA
NC_045512.2	6326	A	T	4823	1043	33	1	1	26	0.000207297	4824	1	FALSE	NA	NA	NA	NA	NA	NA
NC_045512.2	6327	C	G	4904	1055	33	1	0	34	0.000203874	4905	0.968798	FALSE	NA	NA	NA	NA	NA	NA
NC_045512.2	6328	A	G	2	0	30	4924	1065	33	0.999594	4926	0	TRUE	NA	NA	NA	NA	NA	NA
NC_045512.2	6329	T	C	4926	1076	33	1	0	34	0.000202963	4927	0.968798	FALSE	NA	NA	NA	NA	NA	NA
NC_045512.2	6331	A	C	4807	1066	33	1	1	26	0.000207987	4808	1	FALSE	NA	NA	NA	NA	NA	NA
NC_045512.2	6337	G	C	5037	1154	33	1	1	26	0.000198491	5038	1	FALSE	NA	NA	NA	NA	NA	NA
NC_045512.2	6339	T	A	4920	1077	33	1	0	26	0.000203211	4921	1	FALSE	NA	NA	NA	NA	NA	NA
NC_045512.2	6342	A	T	5217	1252	33	1	1	26	0.000191644	5218	1	FALSE	NA	NA	NA	NA	NA	NA
NC_045512.2	6343	T	G	5200	1277	33	1	0	34	0.000192271	5201	0.984407	FALSE	NA	NA	NA	NA	NA	NA
NC_045512.2	6347	C	T	5642	1601	33	1	0	34	0.000177211	5643	0.984404	FALSE	NA	NA	NA	NA	NA	NA
NC_045512.2	6352	G	C	5882	1655	33	1	1	34	0.000169981	5883	0.984403	FALSE	NA	NA	NA	NA	NA	NA
NC_045512.2	6353	T	C	5871	1749	33	1	1	34	0.0001703	5872	0.984403	FALSE	NA	NA	NA	NA	NA	NA
NC_045512.2	6354	C	G	5933	1730	33	1	1	26	0.00016852	5934	1	FALSE	NA	NA	NA	NA	NA	NA
NC_045512.2	6355	A	T	5743	1742	33	2	0	34	0.000348068	5746	0.937557	FALSE	NA	NA	NA	NA	NA	NA
NC_045512.2	6355	A	G	5743	1742	33	1	0	26	0.000174034	5746	1	FALSE	NA	NA	NA	NA	NA	NA
NC_045512.2	6357	A	G	5920	1729	33	3	3	34	0.0005065	5923	0.855607	FALSE	NA	NA	NA	NA	NA	NA
NC_045512.2	6359	G	C	5898	1747	33	1	1	26	0.00016952	5899	1	FALSE	NA	NA	NA	NA	NA	NA
NC_045512.2	6361	C	G	6015	1836	33	1	0	34	0.000166196	6017	0.992201	FALSE	NA	NA	NA	NA	NA	NA
NC_045512.2	6361	C	A	6015	1836	33	1	0	26	0.000166196	6017	1	FALSE	NA	NA	NA	NA	NA	NA
NC_045512.2	6364	G	T	5932	1860	33	1	1	34	0.000168549	5933	0.984403	FALSE	NA	NA	NA	NA	NA	NA
NC_045512.2	6366	A	T	5791	1872	33	1	0	34	0.000172622	5793	0.984395	FALSE	NA	NA	NA	NA	NA	NA
NC_045512.2	6366	A	G	5791	1872	33	1	0	34	0.000172622	5793	0.984395	FALSE	NA	NA	NA	NA	NA	NA
NC_045512.2	6368	G	A	5924	1863	33	1	0	26	0.000168776	5925	1	FALSE	NA	NA	NA	NA	NA	NA
NC_045512.2	6369	G	C	5870	1865	33	1	1	34	0.000170329	5871	0.984403	FALSE	NA	NA	NA	NA	NA	NA
NC_045512.2	6371	A	T	5860	1892	33	1	1	26	0.000170561	5863	1	FALSE	NA	NA	NA	NA	NA	NA
NC_045512.2	6371	A	G	5860	1892	33	2	0	34	0.000341122	5863	0.937556	FALSE	NA	NA	NA	NA	NA	NA
NC_045512.2	6373	G	C	6000	1916	33	2	0	34	0.000333222	6002	0.964908	FALSE	NA	NA	NA	NA	NA	NA
NC_045512.2	6374	G	T	5789	1925	33	1	0	34	0.000172682	5791	0.984395	FALSE	NA	NA	NA	NA	NA	NA
NC_045512.2	6374	G	C	5789	1925	33	1	0	26	0.000172682	5791	1	FALSE	NA	NA	NA	NA	NA	NA
NC_045512.2	6376	T	C	5788	1896	33	2	2	34	0.000345423	5790	0.937585	FALSE	NA	NA	NA	NA	NA	NA
NC_045512.2	6377	A	T	5425	1858	32	1	0	34	0.000184298	5426	0.984405	FALSE	NA	NA	NA	NA	NA	NA
NC_045512.2	6378	A	T	5673	1882	33	2	0	30	0.000352423	5675	0.937587	FALSE	NA	NA	NA	NA	NA	NA
NC_045512.2	6379	T	C	5145	1709	33	2	1	26	0.000388576	5147	1	FALSE	NA	NA	NA	NA	NA	NA
NC_045512.2	6381	T	C	5261	1956	33	2	1	34	0.000379939	5264	0.937562	FALSE	NA	NA	NA	NA	NA	NA
NC_045512.2	6381	T	A	5261	1956	33	1	1	26	0.00018997	5264	1	FALSE	NA	NA	NA	NA	NA	NA
NC_045512.2	6382	T	A	5126	1850	33	1	0	26	0.000195046	5127	1	FALSE	NA	NA	NA	NA	NA	NA
NC_045512.2	6385	C	T	5153	1937	33	1	1	26	0.000194024	5154	1	FALSE	NA	NA	NA	NA	NA	NA
NC_045512.2	6386	T	G	5112	1860	33	1	0	34	0.000195542	5114	0.984398	FALSE	NA	NA	NA	NA	NA	NA
NC_045512.2	6386	T	A	5112	1860	33	1	0	34	0.000195542	5114	0.984398	FALSE	NA	NA	NA	NA	NA	NA
NC_045512.2	6388	C	T	5164	1948	33	1	0	34	0.000193611	5165	0.984407	FALSE	NA	NA	NA	NA	NA	NA
NC_045512.2	6390	A	C	5199	1942	33	2	0	34	0.000384541	5201	0.937595	FALSE	NA	NA	NA	NA	NA	NA
NC_045512.2	6393	A	G	4990	2099	32	1	0	34	0.000200361	4991	0.968797	FALSE	NA	NA	NA	NA	NA	NA
NC_045512.2	6394	T	C	4521	1244	32	2	2	34	0.000442087	4524	0.890703	FALSE	NA	NA	NA	NA	NA	NA
NC_045512.2	6394	T	A	4521	1244	32	1	1	34	0.000221043	4524	0.968767	FALSE	NA	NA	NA	NA	NA	NA
NC_045512.2	6397	A	C	5279	2124	33	1	0	34	0.000189394	5280	0.984406	FALSE	NA	NA	NA	NA	NA	NA
NC_045512.2	6399	A	+C	5297	2217	33	1	0	20	0.000188786	5297	1	FALSE	NA	NA	NA	NA	NA	NA
NC_045512.2	6400	A	T	5179	2209	33	1	1	34	0.00019305	5180	0.984407	FALSE	NA	NA	NA	NA	NA	NA
NC_045512.2	6402	C	A	5056	2153	33	1	0	26	0.000197746	5057	1	FALSE	NA	NA	NA	NA	NA	NA
NC_045512.2	6405	T	A	5303	2449	33	1	1	26	0.000188537	5304	1	FALSE	NA	NA	NA	NA	NA	NA
NC_045512.2	6407	T	A	5729	2821	33	2	2	26	0.000348979	5731	1	FALSE	NA	NA	NA	NA	NA	NA
NC_045512.2	6409	T	A	5777	2936	33	1	0	34	0.00017307	5778	0.984403	FALSE	NA	NA	NA	NA	NA	NA
NC_045512.2	6413	G	C	5814	2985	33	1	1	26	0.000171969	5815	1	FALSE	NA	NA	NA	NA	NA	NA
NC_045512.2	6414	A	T	5706	2975	33	2	2	26	0.000350385	5708	1	FALSE	NA	NA	NA	NA	NA	NA
NC_045512.2	6417	T	A	5714	2980	33	1	0	34	0.000174978	5715	0.984404	FALSE	NA	NA	NA	NA	NA	NA
NC_045512.2	6420	T	A	5835	3120	33	1	0	26	0.00017135	5836	1	FALSE	NA	NA	NA	NA	NA	NA
NC_045512.2	6421	G	C	5750	3070	33	2	2	30	0.000347705	5752	0.937586	FALSE	NA	NA	NA	NA	NA	NA
NC_045512.2	6422	G	-A	5633	3131	33	1	0	20	0.000177525	5633	1	FALSE	NA	NA	NA	NA	NA	NA
NC_045512.2	6423	A	T	5741	3204	33	1	1	34	0.000174125	5743	0.984387	FALSE	NA	NA	NA	NA	NA	NA
NC_045512.2	6423	A	G	5741	3204	33	1	1	34	0.000174125	5743	0.984387	FALSE	NA	NA	NA	NA	NA	NA
NC_045512.2	6424	A	G	5762	3256	33	1	1	34	0.000173491	5764	0.984395	FALSE	NA	NA	NA	NA	NA	NA
NC_045512.2	6424	A	C	5762	3256	33	1	1	34	0.000173491	5764	0.984395	FALSE	NA	NA	NA	NA	NA	NA
NC_045512.2	6425	A	G	5565	3215	33	1	0	34	0.000179662	5566	0.984404	FALSE	NA	NA	NA	NA	NA	NA
NC_045512.2	6427	T	C	5537	3030	33	1	1	26	0.000180538	5539	1	FALSE	NA	NA	NA	NA	NA	NA
NC_045512.2	6427	T	A	5537	3030	33	1	1	26	0.000180538	5539	1	FALSE	NA	NA	NA	NA	NA	NA
NC_045512.2	6428	C	A	6162	3863	33	1	1	34	0.000162259	6163	0.992205	FALSE	NA	NA	NA	NA	NA	NA
NC_045512.2	6430	T	C	6254	3944	33	2	2	34	0.000319642	6257	0.964887	FALSE	NA	NA	NA	NA	NA	NA
NC_045512.2	6430	T	A	6254	3944	33	1	1	34	0.000159821	6257	0.992196	FALSE	NA	NA	NA	NA	NA	NA
NC_045512.2	6433	C	G	6234	4055	33	1	1	34	0.000160385	6235	0.992205	FALSE	NA	NA	NA	NA	NA	NA
NC_045512.2	6436	A	G	6313	4115	33	1	0	34	0.000158353	6315	0.9922	FALSE	NA	NA	NA	NA	NA	NA
NC_045512.2	6436	A	C	6313	4115	33	1	1	34	0.000158353	6315	0.9922	FALSE	NA	NA	NA	NA	NA	NA
NC_045512.2	6438	A	T	6254	4069	33	1	1	34	0.000159872	6255	0.992205	FALSE	NA	NA	NA	NA	NA	NA
NC_045512.2	6439	G	C	5905	4061	33	1	1	26	0.000169319	5906	1	FALSE	NA	NA	NA	NA	NA	NA
NC_045512.2	6440	A	T	5587	4056	33	1	1	34	0.000178955	5588	0.984404	FALSE	NA	NA	NA	NA	NA	NA
NC_045512.2	6444	A	C	5409	3995	33	1	1	26	0.000184843	5410	1	FALSE	NA	NA	NA	NA	NA	NA
NC_045512.2	6446	G	C	5484	4001	33	2	2	34	0.000364564	5486	0.93759	FALSE	NA	NA	NA	NA	NA	NA
NC_045512.2	6451	T	G	5197	3785	33	1	1	26	0.000192345	5199	1	FALSE	NA	NA	NA	NA	NA	NA
NC_045512.2	6451	T	C	5197	3785	33	1	1	34	0.000192345	5199	0.984398	FALSE	NA	NA	NA	NA	NA	NA
NC_045512.2	6452	G	C	5446	4033	33	1	1	26	0.000183587	5447	1	FALSE	NA	NA	NA	NA	NA	NA
NC_045512.2	6453	A	T	5422	4010	33	1	1	34	0.0001844	5423	0.984405	FALSE	NA	NA	NA	NA	NA	NA
NC_045512.2	6454	G	A	5489	4048	33	1	1	34	0.000182149	5490	0.984405	FALSE	NA	NA	NA	NA	NA	NA
NC_045512.2	6455	T	C	5403	3997	33	1	0	34	0.000185014	5405	0.984397	FALSE	NA	NA	NA	NA	NA	NA
NC_045512.2	6455	T	A	5403	3997	33	1	1	26	0.000185014	5405	1	FALSE	NA	NA	NA	NA	NA	NA
NC_045512.2	6456	G	T	5363	3952	33	1	1	34	0.000186428	5364	0.984406	FALSE	NA	NA	NA	NA	NA	NA
NC_045512.2	6457	T	A	5290	3879	33	1	1	26	0.000189	5291	1	FALSE	NA	NA	NA	NA	NA	NA
NC_045512.2	6458	A	T	5286	3887	33	1	1	26	0.000189107	5288	1	FALSE	NA	NA	NA	NA	NA	NA
NC_045512.2	6458	A	G	5286	3887	33	1	1	34	0.000189107	5288	0.984397	FALSE	NA	NA	NA	NA	NA	NA
NC_045512.2	6463	G	C	5086	3783	33	1	1	26	0.00019658	5087	1	FALSE	NA	NA	NA	NA	NA	NA
NC_045512.2	6467	A	T	5075	3824	33	1	1	26	0.000197006	5076	1	FALSE	NA	NA	NA	NA	NA	NA
NC_045512.2	6474	A	T	4840	3718	33	1	1	34	0.000206569	4841	0.968798	FALSE	NA	NA	NA	NA	NA	NA
NC_045512.2	6476	G	C	5016	3769	33	2	2	34	0.000398565	5018	0.937598	FALSE	NA	NA	NA	NA	NA	NA
NC_045512.2	6479	G	C	4913	3718	33	1	1	34	0.0002035	4914	0.968798	FALSE	NA	NA	NA	NA	NA	NA
NC_045512.2	6482	G	T	4865	3676	33	1	1	34	0.000205465	4867	0.968782	FALSE	NA	NA	NA	NA	NA	NA
NC_045512.2	6482	G	C	4865	3676	33	1	1	26	0.000205465	4867	1	FALSE	NA	NA	NA	NA	NA	NA
NC_045512.2	6484	A	G	4782	3686	33	1	1	34	0.000209074	4783	0.968799	FALSE	NA	NA	NA	NA	NA	NA
NC_045512.2	6487	C	T	4764	3613	33	1	1	34	0.000209864	4765	0.968799	FALSE	NA	NA	NA	NA	NA	NA
NC_045512.2	6488	A	G	4626	3515	33	1	0	34	0.000216123	4627	0.968801	FALSE	NA	NA	NA	NA	NA	NA
NC_045512.2	6489	T	A	4696	3558	33	1	0	26	0.000212902	4697	1	FALSE	NA	NA	NA	NA	NA	NA
NC_045512.2	6490	T	-A	4674	3555	33	1	0	20	0.00021395	4674	1	FALSE	NA	NA	NA	NA	NA	NA
NC_045512.2	6499	A	T	3619	3125	33	1	0	26	0.000276243	3620	1	FALSE	NA	NA	NA	NA	NA	NA
NC_045512.2	6500	C	T	3965	3133	33	1	1	34	0.000252143	3966	0.937579	FALSE	NA	NA	NA	NA	NA	NA
NC_045512.2	6503	G	A	3654	2923	33	1	0	34	0.000273598	3655	0.937585	FALSE	NA	NA	NA	NA	NA	NA
NC_045512.2	6510	A	T	3675	2985	33	1	1	34	0.000272035	3676	0.937585	FALSE	NA	NA	NA	NA	NA	NA
NC_045512.2	6511	T	A	3686	2964	33	1	1	34	0.000271223	3687	0.937585	FALSE	NA	NA	NA	NA	NA	NA
NC_045512.2	6512	A	T	3483	2827	33	2	2	30	0.000573888	3485	0.812679	FALSE	NA	NA	NA	NA	NA	NA
NC_045512.2	6518	A	G	3401	2801	33	1	0	34	0.000293945	3402	0.937592	FALSE	NA	NA	NA	NA	NA	NA
NC_045512.2	6519	A	G	3342	2797	33	1	1	34	0.000299133	3343	0.937593	FALSE	NA	NA	NA	NA	NA	NA
NC_045512.2	6523	T	A	3289	2768	33	2	2	30	0.000607718	3291	0.81269	FALSE	NA	NA	NA	NA	NA	NA
NC_045512.2	6535	T	C	3061	2661	33	1	1	34	0.000326477	3063	0.937561	FALSE	NA	NA	NA	NA	NA	NA
NC_045512.2	6535	T	A	3061	2661	33	1	0	26	0.000326477	3063	1	FALSE	NA	NA	NA	NA	NA	NA
NC_045512.2	6539	C	T	3013	2628	33	2	1	34	0.00066335	3015	0.812707	FALSE	NA	NA	NA	NA	NA	NA
NC_045512.2	6541	C	T	2941	2559	33	1	1	34	0.000339905	2942	0.875127	FALSE	NA	NA	NA	NA	NA	NA
NC_045512.2	6546	A	G	2734	2453	33	1	1	34	0.000365631	2735	0.875137	FALSE	NA	NA	NA	NA	NA	NA
NC_045512.2	6552	T	C	2583	2325	33	1	1	34	0.000386997	2584	0.875145	FALSE	NA	NA	NA	NA	NA	NA
NC_045512.2	6553	G	T	2565	2316	33	1	1	34	0.000389712	2566	0.875146	FALSE	NA	NA	NA	NA	NA	NA
NC_045512.2	6554	G	C	1869	1653	33	1	1	26	0.000534759	1870	0.999998	FALSE	NA	NA	NA	NA	NA	NA
NC_045512.2	6556	T	C	1630	1433	33	1	1	34	0.000613121	1631	0.75023	FALSE	NA	NA	NA	NA	NA	NA
NC_045512.2	6863	A	C	2358	204	33	1	1	34	0.000423908	2359	0.875159	FALSE	NA	NA	NA	NA	NA	NA
NC_045512.2	6864	A	C	1910	211	31	1	0	26	0.000523286	1911	0.999999	FALSE	NA	NA	NA	NA	NA	NA
NC_045512.2	6866	A	T	2580	233	33	1	0	34	0.000387447	2581	0.875145	FALSE	NA	NA	NA	NA	NA	NA
NC_045512.2	6869	A	T	2744	286	33	1	0	34	0.000364299	2745	0.875137	FALSE	NA	NA	NA	NA	NA	NA
NC_045512.2	6871	T	A	3468	330	33	1	0	26	0.000288268	3469	1	FALSE	NA	NA	NA	NA	NA	NA
NC_045512.2	6872	G	T	3586	354	33	1	1	26	0.000278784	3587	1	FALSE	NA	NA	NA	NA	NA	NA
NC_045512.2	6876	A	G	3368	385	32	1	0	34	0.000296824	3369	0.937593	FALSE	NA	NA	NA	NA	NA	NA
NC_045512.2	6883	C	+G	3726	411	33	16	0	20	0.00429415	3726	0.999	FALSE	NA	NA	NA	NA	NA	NA
NC_045512.2	6887	A	T	3569	444	33	1	0	34	0.000280034	3571	0.937553	FALSE	NA	NA	NA	NA	NA	NA
NC_045512.2	6887	A	G	3569	444	33	1	0	34	0.000280034	3571	0.937553	FALSE	NA	NA	NA	NA	NA	NA
NC_045512.2	6890	T	C	3786	492	33	1	1	34	0.000264061	3787	0.937583	FALSE	NA	NA	NA	NA	NA	NA
NC_045512.2	6893	T	C	3906	474	33	1	0	34	0.000255951	3907	0.93758	FALSE	NA	NA	NA	NA	NA	NA
NC_045512.2	6895	T	C	3991	435	33	1	0	34	0.000250501	3992	0.937578	FALSE	NA	NA	NA	NA	NA	NA
NC_045512.2	6897	T	C	4013	511	33	1	0	26	0.000249128	4014	1	FALSE	NA	NA	NA	NA	NA	NA
NC_045512.2	6899	G	A	3969	527	33	3	0	34	0.000755287	3972	0.656427	FALSE	NA	NA	NA	NA	NA	NA
NC_045512.2	6901	G	T	4081	527	33	1	1	34	0.000244918	4083	0.968788	FALSE	NA	NA	NA	NA	NA	NA
NC_045512.2	6901	G	C	4081	527	33	1	0	26	0.000244918	4083	1	FALSE	NA	NA	NA	NA	NA	NA
NC_045512.2	6902	G	C	4299	665	33	1	0	34	0.000232558	4300	0.968804	FALSE	NA	NA	NA	NA	NA	NA
NC_045512.2	6904	T	C	4265	700	33	1	0	26	0.000234412	4266	1	FALSE	NA	NA	NA	NA	NA	NA
NC_045512.2	6908	T	C	4510	832	33	1	0	34	0.000221631	4512	0.968785	FALSE	NA	NA	NA	NA	NA	NA
NC_045512.2	6908	T	A	4510	832	33	1	0	26	0.000221631	4512	1	FALSE	NA	NA	NA	NA	NA	NA
NC_045512.2	6910	T	A	4572	841	33	1	1	26	0.000218675	4573	1	FALSE	NA	NA	NA	NA	NA	NA
NC_045512.2	6914	T	C	4757	948	33	1	0	34	0.000210172	4758	0.968799	FALSE	NA	NA	NA	NA	NA	NA
NC_045512.2	6916	T	A	4694	882	33	2	0	26	0.000425894	4696	1	FALSE	NA	NA	NA	NA	NA	NA
NC_045512.2	6917	T	A	4805	975	33	1	0	26	0.000208073	4806	1	FALSE	NA	NA	NA	NA	NA	NA
NC_045512.2	6919	G	A	4910	1159	33	1	0	34	0.000203625	4911	0.968798	FALSE	NA	NA	NA	NA	NA	NA
NC_045512.2	6920	A	G	4940	1143	33	1	0	34	0.000202388	4941	0.968797	FALSE	NA	NA	NA	NA	NA	NA
NC_045512.2	6925	A	T	5110	1204	33	1	0	34	0.000195656	5111	0.984407	FALSE	NA	NA	NA	NA	NA	NA
NC_045512.2	6928	T	C	5021	1240	33	1	0	34	0.000199124	5022	0.984408	FALSE	NA	NA	NA	NA	NA	NA
NC_045512.2	6934	T	A	5288	1291	33	2	1	34	0.000378072	5290	0.937593	FALSE	NA	NA	NA	NA	NA	NA
NC_045512.2	6936	C	G	5018	1307	33	2	0	30	0.000398168	5023	0.9375	FALSE	NA	NA	NA	NA	NA	NA
NC_045512.2	6936	C	A	5018	1307	33	3	0	26	0.000597253	5023	1	FALSE	NA	NA	NA	NA	NA	NA
NC_045512.2	6937	T	-A	5193	1321	33	1	0	20	0.000192567	5193	1	FALSE	NA	NA	NA	NA	NA	NA
NC_045512.2	6939	A	C	5279	1344	33	2	1	26	0.000378716	5281	1	FALSE	NA	NA	NA	NA	NA	NA
NC_045512.2	6940	A	C	4379	1337	32	1	0	34	0.000228311	4380	0.968803	FALSE	NA	NA	NA	NA	NA	NA
NC_045512.2	6944	A	T	5758	1616	33	1	0	34	0.000173611	5760	0.984395	FALSE	NA	NA	NA	NA	NA	NA
NC_045512.2	6944	A	G	5758	1616	33	1	1	34	0.000173611	5760	0.984395	FALSE	NA	NA	NA	NA	NA	NA
NC_045512.2	6945	T	A	5665	1582	33	1	0	26	0.000176491	5666	1	FALSE	NA	NA	NA	NA	NA	NA
NC_045512.2	6947	A	G	5756	1624	33	1	1	34	0.000173702	5757	0.984403	FALSE	NA	NA	NA	NA	NA	NA
NC_045512.2	6949	T	C	5736	1551	33	1	0	34	0.000174307	5737	0.984404	FALSE	NA	NA	NA	NA	NA	NA
NC_045512.2	6951	T	A	5875	1637	33	1	1	34	0.000170184	5876	0.984403	FALSE	NA	NA	NA	NA	NA	NA
NC_045512.2	6953	A	T	5341	1692	33	2	0	30	0.000374322	5343	0.937592	FALSE	NA	NA	NA	NA	NA	NA
NC_045512.2	6956	A	T	5991	1763	33	1	1	26	0.000166889	5992	1	FALSE	NA	NA	NA	NA	NA	NA
NC_045512.2	6958	T	A	6078	1801	33	1	0	34	0.000164501	6079	0.992205	FALSE	NA	NA	NA	NA	NA	NA
NC_045512.2	6959	T	A	6044	1771	33	1	1	26	0.000165426	6045	1	FALSE	NA	NA	NA	NA	NA	NA
NC_045512.2	6960	G	T	5958	1724	33	1	0	34	0.000167813	5959	0.984403	FALSE	NA	NA	NA	NA	NA	NA
NC_045512.2	6961	G	T	6062	1749	33	1	1	26	0.000164935	6063	1	FALSE	NA	NA	NA	NA	NA	NA
NC_045512.2	6962	T	G	5911	1667	33	1	1	26	0.000169147	5912	1	FALSE	NA	NA	NA	NA	NA	NA
NC_045512.2	6963	T	C	6256	1944	33	1	0	34	0.00015977	6259	0.992196	FALSE	NA	NA	NA	NA	NA	NA
NC_045512.2	6963	T	A	6256	1944	33	2	0	34	0.00031954	6259	0.964887	FALSE	NA	NA	NA	NA	NA	NA
NC_045512.2	6966	T	A	6329	2004	33	1	1	26	0.000157978	6330	1	FALSE	NA	NA	NA	NA	NA	NA
NC_045512.2	6967	A	T	6323	2002	33	1	0	34	0.000158078	6326	0.992196	FALSE	NA	NA	NA	NA	NA	NA
NC_045512.2	6967	A	G	6323	2002	33	2	0	34	0.000316156	6326	0.964887	FALSE	NA	NA	NA	NA	NA	NA
NC_045512.2	6968	C	T	6208	2076	33	1	1	34	0.000161031	6210	0.992201	FALSE	NA	NA	NA	NA	NA	NA
NC_045512.2	6968	C	G	6208	2076	33	1	0	34	0.000161031	6210	0.992201	FALSE	NA	NA	NA	NA	NA	NA
NC_045512.2	6970	A	T	6501	2192	33	1	0	34	0.000153799	6502	0.992204	FALSE	NA	NA	NA	NA	NA	NA
NC_045512.2	6970	A	-T	6501	2192	33	1	0	20	0.000153799	6502	1	FALSE	NA	NA	NA	NA	NA	NA
NC_045512.2	6971	T	G	6509	2083	33	1	1	26	0.00015361	6510	1	FALSE	NA	NA	NA	NA	NA	NA
NC_045512.2	6972	T	C	6579	2196	33	1	1	26	0.000151976	6580	1	FALSE	NA	NA	NA	NA	NA	NA
NC_045512.2	6973	A	T	6302	2175	32	1	0	34	0.000158629	6304	0.992201	FALSE	NA	NA	NA	NA	NA	NA
NC_045512.2	6973	A	G	6302	2175	32	1	0	26	0.000158629	6304	1	FALSE	NA	NA	NA	NA	NA	NA
NC_045512.2	6974	A	T	6363	2198	33	1	1	26	0.000157134	6364	1	FALSE	NA	NA	NA	NA	NA	NA
NC_045512.2	6975	G	C	6508	2224	33	1	0	26	0.000153633	6509	1	FALSE	NA	NA	NA	NA	NA	NA
NC_045512.2	6978	T	G	6475	1992	32	1	1	34	0.000154392	6477	0.9922	FALSE	NA	NA	NA	NA	NA	NA
NC_045512.2	6978	T	C	6475	1992	32	1	1	34	0.000154392	6477	0.9922	FALSE	NA	NA	NA	NA	NA	NA
NC_045512.2	6981	G	C	7099	2700	33	1	1	26	0.000140845	7100	1	FALSE	NA	NA	NA	NA	NA	NA
NC_045512.2	6982	C	G	6970	2827	33	2	1	30	0.000286862	6972	0.964899	FALSE	NA	NA	NA	NA	NA	NA
NC_045512.2	6984	T	C	6945	2827	33	1	1	26	0.000143947	6947	1	FALSE	NA	NA	NA	NA	NA	NA
NC_045512.2	6984	T	A	6945	2827	33	1	0	26	0.000143947	6947	1	FALSE	NA	NA	NA	NA	NA	NA
NC_045512.2	6985	A	G	6998	2822	33	1	0	34	0.000142878	6999	0.992203	FALSE	NA	NA	NA	NA	NA	NA
NC_045512.2	6986	G	C	6963	2801	33	1	0	34	0.000143596	6964	0.992203	FALSE	NA	NA	NA	NA	NA	NA
NC_045512.2	6987	G	T	7032	2851	33	1	1	34	0.000142167	7034	0.996102	FALSE	NA	NA	NA	NA	NA	NA
NC_045512.2	6987	G	C	7032	2851	33	1	0	34	0.000142167	7034	0.996102	FALSE	NA	NA	NA	NA	NA	NA
NC_045512.2	6989	T	A	6947	2750	33	2	1	26	0.000287811	6949	1	FALSE	NA	NA	NA	NA	NA	NA
NC_045512.2	6990	C	G	6575	2961	33	1	1	34	0.000152045	6577	0.9922	FALSE	NA	NA	NA	NA	NA	NA
NC_045512.2	6990	C	A	6575	2961	33	1	0	34	0.000152045	6577	0.9922	FALSE	NA	NA	NA	NA	NA	NA
NC_045512.2	6994	A	G	6665	3010	33	1	1	34	0.000150015	6666	0.992204	FALSE	NA	NA	NA	NA	NA	NA
NC_045512.2	6996	T	C	6446	3002	33	1	0	34	0.000155111	6447	0.992204	FALSE	NA	NA	NA	NA	NA	NA
NC_045512.2	6997	C	G	6506	3129	33	1	1	34	0.000153657	6508	0.9922	FALSE	NA	NA	NA	NA	NA	NA
NC_045512.2	6997	C	A	6506	3129	33	1	0	26	0.000153657	6508	1	FALSE	NA	NA	NA	NA	NA	NA
NC_045512.2	7000	C	A	6212	3099	33	2	0	34	0.000321854	6214	0.964905	FALSE	NA	NA	NA	NA	NA	NA
NC_045512.2	7001	T	A	6287	3085	33	2	2	30	0.000318016	6289	0.964905	FALSE	NA	NA	NA	NA	NA	NA
NC_045512.2	7002	C	G	6056	3075	33	1	0	34	0.000165098	6057	0.992206	FALSE	NA	NA	NA	NA	NA	NA
NC_045512.2	7003	A	C	6089	3125	33	1	1	34	0.000164204	6090	0.992205	FALSE	NA	NA	NA	NA	NA	NA
NC_045512.2	7005	C	G	5803	3149	33	1	0	34	0.000172295	5804	0.984403	FALSE	NA	NA	NA	NA	NA	NA
NC_045512.2	7008	C	G	5704	3094	33	1	0	34	0.000175285	5705	0.984404	FALSE	NA	NA	NA	NA	NA	NA
NC_045512.2	7010	G	A	5762	3097	33	1	1	34	0.000173521	5763	0.984403	FALSE	NA	NA	NA	NA	NA	NA
NC_045512.2	7011	C	G	5590	3111	33	2	0	30	0.000357654	5592	0.937588	FALSE	NA	NA	NA	NA	NA	NA
NC_045512.2	7012	T	G	5645	3126	33	1	1	26	0.000177117	5646	1	FALSE	NA	NA	NA	NA	NA	NA
NC_045512.2	7013	T	C	5620	3039	33	2	1	30	0.000355745	5622	0.937588	FALSE	NA	NA	NA	NA	NA	NA
NC_045512.2	7014	T	A	5808	3232	33	1	0	26	0.000172147	5809	1	FALSE	NA	NA	NA	NA	NA	NA
NC_045512.2	7020	T	C	5466	3219	33	2	2	30	0.000365764	5468	0.93759	FALSE	NA	NA	NA	NA	NA	NA
NC_045512.2	7022	T	C	5050	3279	33	1	1	34	0.000197981	5051	0.984407	FALSE	NA	NA	NA	NA	NA	NA
NC_045512.2	7024	A	C	5077	3409	33	1	0	26	0.000196928	5078	1	FALSE	NA	NA	NA	NA	NA	NA
NC_045512.2	7025	A	T	5045	3403	33	1	1	34	0.000198177	5046	0.984408	FALSE	NA	NA	NA	NA	NA	NA
NC_045512.2	7026	T	A	5082	3440	33	1	0	34	0.000196734	5083	0.984407	FALSE	NA	NA	NA	NA	NA	NA
NC_045512.2	7027	G	T	5092	3438	33	1	0	26	0.000196348	5093	1	FALSE	NA	NA	NA	NA	NA	NA
NC_045512.2	7030	T	C	5005	3361	33	1	0	34	0.00019972	5007	0.984398	FALSE	NA	NA	NA	NA	NA	NA
NC_045512.2	7030	T	A	5005	3361	33	1	1	26	0.00019972	5007	1	FALSE	NA	NA	NA	NA	NA	NA
NC_045512.2	7031	A	T	4992	3361	33	1	1	26	0.00020028	4993	1	FALSE	NA	NA	NA	NA	NA	NA
NC_045512.2	7034	T	C	5036	3423	33	1	1	26	0.000198491	5038	1	FALSE	NA	NA	NA	NA	NA	NA
NC_045512.2	7034	T	A	5036	3423	33	1	1	34	0.000198491	5038	0.984398	FALSE	NA	NA	NA	NA	NA	NA
NC_045512.2	7035	T	C	5031	3469	33	1	0	34	0.000198728	5032	0.984408	FALSE	NA	NA	NA	NA	NA	NA
NC_045512.2	7036	A	G	4997	3412	33	1	0	34	0.00020008	4998	0.968797	FALSE	NA	NA	NA	NA	NA	NA
NC_045512.2	7040	A	G	5164	3659	33	1	1	34	0.000193611	5165	0.984407	FALSE	NA	NA	NA	NA	NA	NA
NC_045512.2	7042	G	C	5181	3700	33	1	1	34	0.000192976	5182	0.984407	FALSE	NA	NA	NA	NA	NA	NA
NC_045512.2	7045	T	C	5223	3759	33	2	1	34	0.000382775	5225	0.937594	FALSE	NA	NA	NA	NA	NA	NA
NC_045512.2	7046	T	A	3055	1606	31	2	2	34	0.000654236	3057	0.812705	FALSE	NA	NA	NA	NA	NA	NA
NC_045512.2	7048	T	A	5238	3765	33	1	1	34	0.000190876	5239	0.984406	FALSE	NA	NA	NA	NA	NA	NA
NC_045512.2	7049	T	A	5125	3665	33	1	1	34	0.000195084	5126	0.984407	FALSE	NA	NA	NA	NA	NA	NA
NC_045512.2	7050	A	T	5329	3852	33	1	1	26	0.000187617	5330	1	FALSE	NA	NA	NA	NA	NA	NA
NC_045512.2	7051	C	G	5234	3849	33	1	1	34	0.000191022	5235	0.984406	FALSE	NA	NA	NA	NA	NA	NA
NC_045512.2	7057	T	A	4865	3556	33	1	1	34	0.000205508	4866	0.968798	FALSE	NA	NA	NA	NA	NA	NA
NC_045512.2	7058	G	C	4962	3626	33	3	3	34	0.00060423	4965	0.773603	FALSE	NA	NA	NA	NA	NA	NA
NC_045512.2	7061	T	C	4993	3646	33	1	0	34	0.00020024	4994	0.968797	FALSE	NA	NA	NA	NA	NA	NA
NC_045512.2	7062	A	T	4856	3550	33	1	1	26	0.000205846	4858	1	FALSE	NA	NA	NA	NA	NA	NA
NC_045512.2	7062	A	G	4856	3550	33	1	1	34	0.000205846	4858	0.968782	FALSE	NA	NA	NA	NA	NA	NA
NC_045512.2	7063	C	T	4860	3550	33	1	1	34	0.000205719	4861	0.968798	FALSE	NA	NA	NA	NA	NA	NA
NC_045512.2	7066	A	T	4746	3508	33	1	0	34	0.000210659	4747	0.968799	FALSE	NA	NA	NA	NA	NA	NA
NC_045512.2	7073	T	C	4332	3060	31	1	1	34	0.000230787	4333	0.968804	FALSE	NA	NA	NA	NA	NA	NA
NC_045512.2	7075	T	G	4767	3515	32	2	2	26	0.000419375	4769	1	FALSE	NA	NA	NA	NA	NA	NA
NC_045512.2	7077	T	G	4976	3770	33	1	1	26	0.000200924	4977	1	FALSE	NA	NA	NA	NA	NA	NA
NC_045512.2	7080	A	T	4463	3800	33	1	1	26	0.000223914	4466	1	FALSE	NA	NA	NA	NA	NA	NA
NC_045512.2	7080	A	C	4463	3800	33	2	0	30	0.000447828	4466	0.890704	FALSE	NA	NA	NA	NA	NA	NA
NC_045512.2	7081	C	G	5031	3815	33	1	0	34	0.000198728	5032	0.984408	FALSE	NA	NA	NA	NA	NA	NA
NC_045512.2	7083	C	G	5012	3797	33	1	1	34	0.000199481	5013	0.984408	FALSE	NA	NA	NA	NA	NA	NA
NC_045512.2	7084	T	A	5038	3822	33	1	1	26	0.000198452	5039	1	FALSE	NA	NA	NA	NA	NA	NA
NC_045512.2	7089	A	T	4875	3736	33	1	0	26	0.000205002	4878	1	FALSE	NA	NA	NA	NA	NA	NA
NC_045512.2	7089	A	G	4875	3736	33	1	1	34	0.000205002	4878	0.968766	FALSE	NA	NA	NA	NA	NA	NA
NC_045512.2	7089	A	C	4875	3736	33	1	1	26	0.000205002	4878	1	FALSE	NA	NA	NA	NA	NA	NA
NC_045512.2	7092	T	A	4554	3458	33	4	4	30	0.000877578	4558	0.636899	FALSE	NA	NA	NA	NA	NA	NA
NC_045512.2	7097	A	T	4545	3493	33	1	0	26	0.000219925	4547	1	FALSE	NA	NA	NA	NA	NA	NA
NC_045512.2	7097	A	G	4545	3493	33	1	1	26	0.000219925	4547	1	FALSE	NA	NA	NA	NA	NA	NA
NC_045512.2	7100	G	A	4395	3453	33	2	2	34	0.000454856	4397	0.890758	FALSE	NA	NA	NA	NA	NA	NA
NC_045512.2	7101	C	G	4409	3490	33	1	0	34	0.000226757	4410	0.968803	FALSE	NA	NA	NA	NA	NA	NA
NC_045512.2	7102	A	C	4436	3480	33	1	1	34	0.000225378	4437	0.968803	FALSE	NA	NA	NA	NA	NA	NA
NC_045512.2	7103	A	+C	4398	3461	33	1	0	20	0.000227376	4398	1	FALSE	NA	NA	NA	NA	NA	NA
NC_045512.2	7105	C	A	4356	3442	33	1	1	34	0.000229516	4357	0.968804	FALSE	NA	NA	NA	NA	NA	NA
NC_045512.2	7106	T	C	4245	3331	33	1	1	34	0.000235516	4246	0.968805	FALSE	NA	NA	NA	NA	NA	NA
NC_045512.2	7109	T	A	4196	3323	33	1	1	26	0.000238265	4197	1	FALSE	NA	NA	NA	NA	NA	NA
NC_045512.2	7111	T	A	3839	2963	32	1	1	34	0.000260417	3840	0.937581	FALSE	NA	NA	NA	NA	NA	NA
NC_045512.2	7113	C	T	0	0	0	4122	3234	33	1	4122	0	TRUE	NA	NA	NA	NA	NA	NA
NC_045512.2	7114	T	C	4045	3190	33	1	0	34	0.000247158	4046	0.968808	FALSE	NA	NA	NA	NA	NA	NA
NC_045512.2	7118	T	A	3837	2999	33	1	1	34	0.000260552	3838	0.937581	FALSE	NA	NA	NA	NA	NA	NA
NC_045512.2	7121	A	T	3594	2903	33	1	1	34	0.000278164	3595	0.937587	FALSE	NA	NA	NA	NA	NA	NA
NC_045512.2	7123	A	T	3546	2902	33	1	1	26	0.000281849	3548	1	FALSE	NA	NA	NA	NA	NA	NA
NC_045512.2	7123	A	G	3546	2902	33	1	1	26	0.000281849	3548	1	FALSE	NA	NA	NA	NA	NA	NA
NC_045512.2	7141	T	A	2440	1933	33	1	1	34	0.000409668	2441	0.875154	FALSE	NA	NA	NA	NA	NA	NA
NC_045512.2	7150	A	G	2272	1832	33	1	1	34	0.000439947	2273	0.875165	FALSE	NA	NA	NA	NA	NA	NA
NC_045512.2	7152	A	T	2198	1824	33	1	0	26	0.000454752	2199	1	FALSE	NA	NA	NA	NA	NA	NA
NC_045512.2	7153	T	C	2259	1829	33	1	1	26	0.000442478	2260	1	FALSE	NA	NA	NA	NA	NA	NA
NC_045512.2	7158	T	A	2135	1725	33	1	1	26	0.000468165	2136	1	FALSE	NA	NA	NA	NA	NA	NA
NC_045512.2	7165	C	A	1961	1625	33	1	1	34	0.000509684	1962	0.750191	FALSE	NA	NA	NA	NA	NA	NA
NC_045512.2	7182	C	A	1482	1240	33	1	0	34	0.000674309	1483	0.750253	FALSE	NA	NA	NA	NA	NA	NA
NC_045512.2	10875	A	T	540	70	33	1	0	34	0.00184843	541	0.500463	FALSE	NA	NA	NA	NA	NA	NA
NC_045512.2	10894	C	T	770	110	33	1	0	34	0.00129702	771	0.500324	FALSE	NA	NA	NA	NA	NA	NA
NC_045512.2	10903	T	C	1280	151	33	1	0	34	0.00078064	1281	0.750293	FALSE	NA	NA	NA	NA	NA	NA
NC_045512.2	10909	T	G	1396	198	33	1	1	34	0.00071582	1397	0.750269	FALSE	NA	NA	NA	NA	NA	NA
NC_045512.2	10917	A	T	1486	314	32	1	0	34	0.000672495	1487	0.750252	FALSE	NA	NA	NA	NA	NA	NA
NC_045512.2	10919	G	-A	1542	318	33	1541	0	20	0.999351	1542	0	TRUE	NA	NA	NA	NA	NA	NA
NC_045512.2	10920	A	G	0	0	0	2	0	34	1	2	2.6578e-06	TRUE	NA	NA	NA	NA	NA	NA
NC_045512.2	10926	T	A	1578	328	33	1	1	26	0.000633312	1579	0.999985	FALSE	NA	NA	NA	NA	NA	NA
NC_045512.2	10928	A	T	1641	346	33	2	0	34	0.00121729	1643	0.500228	FALSE	NA	NA	NA	NA	NA	NA
NC_045512.2	10949	C	T	1879	392	33	1	0	34	0.000531915	1880	0.7502	FALSE	NA	NA	NA	NA	NA	NA
NC_045512.2	10953	G	C	1975	415	33	1	0	26	0.000506073	1976	0.999999	FALSE	NA	NA	NA	NA	NA	NA
NC_045512.2	10957	A	G	1881	426	33	1	0	34	0.00053135	1882	0.750199	FALSE	NA	NA	NA	NA	NA	NA
NC_045512.2	10966	T	G	2141	469	33	1	0	34	0.000466853	2142	0.875175	FALSE	NA	NA	NA	NA	NA	NA
NC_045512.2	10967	T	C	2158	488	33	1	0	34	0.000463177	2159	0.875174	FALSE	NA	NA	NA	NA	NA	NA
NC_045512.2	10972	A	G	2249	595	33	1	0	34	0.000444444	2250	0.875167	FALSE	NA	NA	NA	NA	NA	NA
NC_045512.2	10977	C	T	2386	721	33	2	1	34	0.000837521	2388	0.687736	FALSE	NA	NA	NA	NA	NA	NA
NC_045512.2	10983	A	G	2509	772	33	1	0	34	0.000398406	2510	0.875149	FALSE	NA	NA	NA	NA	NA	NA
NC_045512.2	10985	A	G	2507	789	33	1	0	34	0.000398724	2508	0.87515	FALSE	NA	NA	NA	NA	NA	NA
NC_045512.2	10994	A	T	2384	806	33	2	0	34	0.000838223	2386	0.687736	FALSE	NA	NA	NA	NA	NA	NA
NC_045512.2	11011	G	A	2437	873	33	1	0	34	0.000410172	2438	0.875154	FALSE	NA	NA	NA	NA	NA	NA
NC_045512.2	11014	G	A	2460	908	33	1	0	34	0.000406339	2461	0.875152	FALSE	NA	NA	NA	NA	NA	NA
NC_045512.2	11022	C	G	2461	998	33	1	0	26	0.000406174	2462	1	FALSE	NA	NA	NA	NA	NA	NA
NC_045512.2	11026	T	C	2548	1090	33	1	0	34	0.000392311	2549	0.875147	FALSE	NA	NA	NA	NA	NA	NA
NC_045512.2	11027	T	C	2519	1055	33	1	0	34	0.000396825	2520	0.875149	FALSE	NA	NA	NA	NA	NA	NA
NC_045512.2	11028	T	C	2541	1074	33	1	0	26	0.000393082	2544	1	FALSE	NA	NA	NA	NA	NA	NA
NC_045512.2	11028	T	A	2541	1074	33	2	0	30	0.000786164	2544	0.687574	FALSE	NA	NA	NA	NA	NA	NA
NC_045512.2	11030	A	G	2513	1090	33	1	0	34	0.000397772	2514	0.875149	FALSE	NA	NA	NA	NA	NA	NA
NC_045512.2	11033	T	A	2498	1121	33	1	0	26	0.00040016	2499	1	FALSE	NA	NA	NA	NA	NA	NA
NC_045512.2	11034	C	G	2468	1116	33	1	1	26	0.000405022	2469	1	FALSE	NA	NA	NA	NA	NA	NA
NC_045512.2	11035	A	G	2455	1104	33	1	1	34	0.000407166	2456	0.875153	FALSE	NA	NA	NA	NA	NA	NA
NC_045512.2	11037	T	C	2495	1139	33	1	1	34	0.000400641	2496	0.87515	FALSE	NA	NA	NA	NA	NA	NA
NC_045512.2	11038	T	C	2417	1110	33	1	0	34	0.000413565	2418	0.875155	FALSE	NA	NA	NA	NA	NA	NA
NC_045512.2	11040	T	C	2256	915	32	1	1	26	0.000443066	2257	1	FALSE	NA	NA	NA	NA	NA	NA
NC_045512.2	11041	A	-G	2478	1131	33	1	0	20	0.000403551	2478	1	FALSE	NA	NA	NA	NA	NA	NA
NC_045512.2	11042	G	T	0	0	0	2448	1146	33	1	2448	0	TRUE	NA	NA	NA	NA	NA	NA
NC_045512.2	11052	A	G	2283	1341	33	1	1	34	0.000437828	2284	0.875164	FALSE	NA	NA	NA	NA	NA	NA
NC_045512.2	11055	G	C	2354	1348	33	1	1	26	0.000424628	2355	1	FALSE	NA	NA	NA	NA	NA	NA
NC_045512.2	11056	T	A	2412	1425	33	1	0	26	0.000414422	2413	1	FALSE	NA	NA	NA	NA	NA	NA
NC_045512.2	11058	C	T	2407	1460	33	1	1	34	0.000415282	2408	0.875156	FALSE	NA	NA	NA	NA	NA	NA
NC_045512.2	11059	T	A	2383	1431	33	1	0	26	0.000419463	2384	1	FALSE	NA	NA	NA	NA	NA	NA
NC_045512.2	11063	T	A	2422	1485	33	1	1	26	0.000412712	2423	1	FALSE	NA	NA	NA	NA	NA	NA
NC_045512.2	11064	G	T	2355	1426	33	1	1	34	0.000424448	2356	0.875159	FALSE	NA	NA	NA	NA	NA	NA
NC_045512.2	11065	G	T	2460	1540	33	1	1	26	0.000406174	2462	1	FALSE	NA	NA	NA	NA	NA	NA
NC_045512.2	11065	G	A	2460	1540	33	1	1	34	0.000406174	2462	0.875076	FALSE	NA	NA	NA	NA	NA	NA
NC_045512.2	11067	C	G	2394	1483	33	1	1	26	0.000417537	2395	1	FALSE	NA	NA	NA	NA	NA	NA
NC_045512.2	11069	T	C	2584	1696	33	1	0	34	0.000386847	2585	0.875145	FALSE	NA	NA	NA	NA	NA	NA
NC_045512.2	11070	T	A	2667	1753	33	1	1	26	0.000374813	2668	1	FALSE	NA	NA	NA	NA	NA	NA
NC_045512.2	11074	C	-T	2627	1772	33	11	0	20	0.00418729	2627	0.996437	FALSE	NA	NA	NA	NA	NA	NA
NC_045512.2	11074	C	+T	2627	1772	33	10	0	20	0.00380662	2627	0.998167	FALSE	NA	NA	NA	NA	NA	NA
NC_045512.2	11076	T	C	2708	1840	33	1	1	34	0.00036914	2709	0.875138	FALSE	NA	NA	NA	NA	NA	NA
NC_045512.2	11079	T	C	2726	1860	33	1	1	34	0.000366703	2727	0.875138	FALSE	NA	NA	NA	NA	NA	NA
NC_045512.2	11082	T	G	2673	1845	33	1	0	34	0.000373972	2674	0.87514	FALSE	NA	NA	NA	NA	NA	NA
NC_045512.2	11084	T	A	2586	1771	33	1	1	26	0.000386548	2587	1	FALSE	NA	NA	NA	NA	NA	NA
NC_045512.2	11093	G	C	2538	1814	33	1	1	34	0.000393856	2539	0.875148	FALSE	NA	NA	NA	NA	NA	NA
NC_045512.2	11097	T	G	2546	1835	33	1	1	34	0.000392619	2547	0.875147	FALSE	NA	NA	NA	NA	NA	NA
NC_045512.2	11098	T	G	2261	1549	32	1	1	26	0.000442087	2262	1	FALSE	NA	NA	NA	NA	NA	NA
NC_045512.2	11100	T	C	2535	1841	33	1	1	34	0.000394322	2536	0.875148	FALSE	NA	NA	NA	NA	NA	NA
NC_045512.2	11101	A	T	2532	1828	33	1	1	26	0.000394789	2533	1	FALSE	NA	NA	NA	NA	NA	NA
NC_045512.2	11103	C	A	2426	1826	33	2	2	30	0.000823723	2428	0.687732	FALSE	NA	NA	NA	NA	NA	NA
NC_045512.2	11104	T	C	2414	1787	33	1	1	34	0.000414079	2415	0.875155	FALSE	NA	NA	NA	NA	NA	NA
NC_045512.2	11105	T	C	1878	1259	31	1	1	26	0.000532198	1879	0.999998	FALSE	NA	NA	NA	NA	NA	NA
NC_045512.2	11113	G	C	2330	1792	33	1	1	26	0.000429	2331	1	FALSE	NA	NA	NA	NA	NA	NA
NC_045512.2	11119	T	C	2195	1709	33	1	1	34	0.000455373	2196	0.875171	FALSE	NA	NA	NA	NA	NA	NA
NC_045512.2	11132	G	A	1795	1394	33	1	1	34	0.000556793	1796	0.750209	FALSE	NA	NA	NA	NA	NA	NA
NC_045512.2	11134	T	C	1825	1413	33	1	1	34	0.000547645	1826	0.750205	FALSE	NA	NA	NA	NA	NA	NA
NC_045512.2	11144	A	T	1681	1360	33	1	0	34	0.00059453	1682	0.750223	FALSE	NA	NA	NA	NA	NA	NA
NC_045512.2	11148	T	C	1620	1315	33	2	2	30	0.00123305	1622	0.500231	FALSE	NA	NA	NA	NA	NA	NA
NC_045512.2	11152	C	A	1550	1303	33	1	0	34	0.000644745	1551	0.750242	FALSE	NA	NA	NA	NA	NA	NA
NC_045512.2	11160	A	T	1421	1276	33	1	0	26	0.000703235	1422	0.999971	FALSE	NA	NA	NA	NA	NA	NA
NC_045512.2	11161	G	T	1439	1262	33	1	1	34	0.000694444	1440	0.750261	FALSE	NA	NA	NA	NA	NA	NA
NC_045512.2	11192	T	A	899	787	32	1	1	34	0.00111111	900	0.500278	FALSE	NA	NA	NA	NA	NA	NA
NC_045512.2	11727	G	A	0	0	0	3	1	34	1	3	0.1	FALSE	NA	NA	NA	NA	NA	NA
NC_045512.2	13115	C	T	0	0	0	37	2	33	1	37	1.14539e-21	TRUE	NA	NA	NA	NA	NA	NA
NC_045512.2	13161	G	A	78	14	34	1	0	34	0.0126582	79	0.503185	FALSE	NA	NA	NA	NA	NA	NA
NC_045512.2	13234	T	C	152	59	33	1	1	34	0.00653595	153	0.501639	FALSE	NA	NA	NA	NA	NA	NA
NC_045512.2	13253	T	C	141	62	33	1	1	26	0.00704225	142	0.75265	FALSE	NA	NA	NA	NA	NA	NA
NC_045512.2	13294	T	C	155	91	33	1	1	34	0.00641026	156	0.501608	FALSE	NA	NA	NA	NA	NA	NA
NC_045512.2	13296	A	G	152	90	33	1	0	34	0.00653595	153	0.501639	FALSE	NA	NA	NA	NA	NA	NA
NC_045512.2	13339	T	C	0	0	0	140	107	33	1	140	2.16102e-83	TRUE	NA	NA	NA	NA	NA	NA
NC_045512.2	13427	G	A	7	7	34	33	31	34	0.825	40	9.95741e-16	TRUE	NA	NA	NA	NA	NA	NA
NC_045512.2	19465	C	G	193	19	33	1	0	34	0.00515464	194	0.501292	FALSE	NA	NA	NA	NA	NA	NA
NC_045512.2	19468	T	A	201	21	33	1	0	34	0.0049505	202	0.501241	FALSE	NA	NA	NA	NA	NA	NA
NC_045512.2	19504	A	G	286	39	33	1	0	34	0.00348432	287	0.500873	FALSE	NA	NA	NA	NA	NA	NA
NC_045512.2	19532	A	G	349	64	33	1	0	34	0.00285714	350	0.500715	FALSE	NA	NA	NA	NA	NA	NA
NC_045512.2	19564	T	A	404	99	33	2	0	34	0.00492611	406	0.250308	FALSE	NA	NA	NA	NA	NA	NA
NC_045512.2	19588	T	A	373	141	33	1	0	26	0.0026738	374	0.938335	FALSE	NA	NA	NA	NA	NA	NA
NC_045512.2	19597	T	A	379	186	33	1	1	26	0.00263158	380	0.938322	FALSE	NA	NA	NA	NA	NA	NA
NC_045512.2	19611	A	T	354	201	33	1	1	34	0.0028169	355	0.500705	FALSE	NA	NA	NA	NA	NA	NA
NC_045512.2	19624	T	G	357	219	33	2	0	30	0.00557103	359	0.250349	FALSE	NA	NA	NA	NA	NA	NA
NC_045512.2	19641	T	A	381	267	33	1	1	26	0.0026178	382	0.938318	FALSE	NA	NA	NA	NA	NA	NA
NC_045512.2	19686	A	T	306	259	33	1	0	34	0.00325733	307	0.500816	FALSE	NA	NA	NA	NA	NA	NA
NC_045512.2	19687	C	G	306	257	33	1	0	26	0.00325733	307	0.938517	FALSE	NA	NA	NA	NA	NA	NA
NC_045512.2	19689	A	C	300	251	33	1	1	34	0.00332226	301	0.500832	FALSE	NA	NA	NA	NA	NA	NA
NC_045512.2	20061	T	A	228	18	33	1	0	34	0.00436681	229	0.501094	FALSE	NA	NA	NA	NA	NA	NA
NC_045512.2	20084	T	C	313	33	33	1	1	34	0.00318471	314	0.500797	FALSE	NA	NA	NA	NA	NA	NA
NC_045512.2	20086	G	C	312	33	33	1	0	26	0.00319489	313	0.938498	FALSE	NA	NA	NA	NA	NA	NA
NC_045512.2	20116	A	T	412	46	33	1	0	34	0.00242131	413	0.500606	FALSE	NA	NA	NA	NA	NA	NA
NC_045512.2	20132	C	T	459	61	33	2	0	34	0.00433839	461	0.250271	FALSE	NA	NA	NA	NA	NA	NA
NC_045512.2	20136	A	G	484	64	33	1	0	34	0.00206186	485	0.500516	FALSE	NA	NA	NA	NA	NA	NA
NC_045512.2	20149	A	T	448	70	32	1	1	26	0.00222717	449	0.969271	FALSE	NA	NA	NA	NA	NA	NA
NC_045512.2	20157	T	A	557	127	33	1	0	34	0.00179211	558	0.500448	FALSE	NA	NA	NA	NA	NA	NA
NC_045512.2	20172	T	C	608	158	33	1	1	34	0.00164204	609	0.500411	FALSE	NA	NA	NA	NA	NA	NA
NC_045512.2	20189	C	A	572	173	33	1	0	26	0.0017452	573	0.98466	FALSE	NA	NA	NA	NA	NA	NA
NC_045512.2	20194	A	C	545	174	33	1	0	26	0.0018315	546	0.984674	FALSE	NA	NA	NA	NA	NA	NA
NC_045512.2	20198	A	T	536	160	33	1	1	26	0.0018622	537	0.984679	FALSE	NA	NA	NA	NA	NA	NA
NC_045512.2	20245	A	C	560	337	33	1	1	34	0.00178253	561	0.500446	FALSE	NA	NA	NA	NA	NA	NA
NC_045512.2	20247	G	T	552	330	33	1	1	34	0.00180832	553	0.500452	FALSE	NA	NA	NA	NA	NA	NA
NC_045512.2	20248	G	T	548	337	33	1	1	34	0.00182149	549	0.500456	FALSE	NA	NA	NA	NA	NA	NA
NC_045512.2	20249	A	T	557	346	33	1	1	34	0.00179211	558	0.500448	FALSE	NA	NA	NA	NA	NA	NA
NC_045512.2	20250	A	T	556	346	33	1	1	34	0.00179533	557	0.500449	FALSE	NA	NA	NA	NA	NA	NA
NC_045512.2	20251	A	T	552	350	33	1	1	26	0.00180832	553	0.984671	FALSE	NA	NA	NA	NA	NA	NA
NC_045512.2	20254	G	T	518	354	33	1	1	26	0.00192678	519	0.98469	FALSE	NA	NA	NA	NA	NA	NA
NC_045512.2	20279	A	T	569	429	33	1	1	26	0.00175439	570	0.984662	FALSE	NA	NA	NA	NA	NA	NA
NC_045512.2	20282	T	A	536	397	32	1	0	34	0.0018622	537	0.500466	FALSE	NA	NA	NA	NA	NA	NA
NC_045512.2	20296	A	T	563	442	33	1	1	34	0.00177305	564	0.500444	FALSE	NA	NA	NA	NA	NA	NA
NC_045512.2	20297	A	G	558	443	33	2	1	34	0.00357143	560	0.250223	FALSE	NA	NA	NA	NA	NA	NA
NC_045512.2	20320	C	G	451	345	33	1	1	26	0.00221239	452	0.969267	FALSE	NA	NA	NA	NA	NA	NA
NC_045512.2	20399	A	G	137	120	33	1	1	34	0.00724638	138	0.501818	FALSE	NA	NA	NA	NA	NA	NA
NC_045512.2	21452	G	T	540	129	33	1	1	34	0.00184843	541	0.500463	FALSE	NA	NA	NA	NA	NA	NA
NC_045512.2	21457	A	G	599	183	33	1	0	26	0.00166667	600	0.992324	FALSE	NA	NA	NA	NA	NA	NA
NC_045512.2	21479	T	C	703	237	33	1	0	34	0.00142045	704	0.500355	FALSE	NA	NA	NA	NA	NA	NA
NC_045512.2	21489	A	C	579	253	32	1	0	34	0.00172414	580	0.500431	FALSE	NA	NA	NA	NA	NA	NA
NC_045512.2	21504	T	A	691	314	33	1	0	26	0.00144509	692	0.992345	FALSE	NA	NA	NA	NA	NA	NA
NC_045512.2	21520	G	C	636	321	33	1	1	26	0.00156986	637	0.992358	FALSE	NA	NA	NA	NA	NA	NA
NC_045512.2	21521	T	C	606	296	33	1	1	34	0.00164745	607	0.500412	FALSE	NA	NA	NA	NA	NA	NA
NC_045512.2	21551	A	C	665	404	33	1	1	26	0.0015015	666	0.992351	FALSE	NA	NA	NA	NA	NA	NA
NC_045512.2	21562	A	T	703	460	33	1	0	26	0.00142045	704	0.996193	FALSE	NA	NA	NA	NA	NA	NA
NC_045512.2	21587	C	T	614	463	33	1	1	34	0.00162602	615	0.500407	FALSE	NA	NA	NA	NA	NA	NA
NC_045512.2	21592	A	G	594	461	33	1	0	34	0.00168067	595	0.500421	FALSE	NA	NA	NA	NA	NA	NA
NC_045512.2	21608	G	+TCATGCCGCTGT	459	357	33	227	0	20	0.494553	459	3.16652e-52	TRUE	NA	NA	NA	NA	NA	NA
NC_045512.2	21608	G	+TCATGCCGCTGN	459	357	33	2	0	20	0.0043573	459	0.892911	FALSE	NA	NA	NA	NA	NA	NA
NC_045512.2	21610	T	C	232	213	33	6	2	34	0.0252101	238	0.0153279	FALSE	NA	NA	NA	NA	NA	NA
NC_045512.2	21618	C	T	0	0	0	230	211	33	1	230	1.80679e-137	TRUE	NA	NA	NA	NA	NA	NA
NC_045512.2	21622	C	T	0	0	0	232	213	33	1	232	1.13414e-138	TRUE	NA	NA	NA	NA	NA	NA
NC_045512.2	21624	G	C	0	0	0	231	213	33	1	231	4.52676e-138	TRUE	NA	NA	NA	NA	NA	NA
NC_045512.2	21632	T	-TACCCCCTG	213	194	32	213	0	20	1	213	3.94786e-45	TRUE	NA	NA	NA	NA	NA	NA
NC_045512.2	21648	C	-TAA	229	211	33	1	0	20	0.00436681	229	0.877447	FALSE	NA	NA	NA	NA	NA	NA
NC_045512.2	21651	A	-TTC	230	212	33	230	0	20	0.995671	231	4.21877e-49	TRUE	NA	NA	NA	NA	NA	NA
NC_045512.2	21654	C	A	0	0	0	1	1	34	1	1	0.00440529	TRUE	NA	NA	NA	NA	NA	NA
NC_045512.2	21911	C	+G	326	35	34	1	0	20	0.00306748	326	0.938835	FALSE	NA	NA	NA	NA	NA	NA
NC_045512.2	21941	G	T	0	0	0	475	73	33	1	475	8.12026e-285	TRUE	NA	NA	NA	NA	NA	NA
NC_045512.2	21947	A	T	504	91	33	1	0	34	0.0019802	505	0.500496	FALSE	NA	NA	NA	NA	NA	NA
NC_045512.2	21974	G	A	600	134	33	1	0	34	0.00166389	601	0.500416	FALSE	NA	NA	NA	NA	NA	NA
NC_045512.2	21979	A	-T	624	141	33	1	0	20	0.00160256	624	0.992405	FALSE	NA	NA	NA	NA	NA	NA
NC_045512.2	21987	G	A	0	0	0	631	144	33	1	631	0	TRUE	NA	NA	NA	NA	NA	NA
NC_045512.2	21988	T	C	624	142	33	2	2	34	0.00319489	626	0.2502	FALSE	NA	NA	NA	NA	NA	NA
NC_045512.2	21989	G	-TTT	628	143	33	2	0	20	0.00318471	628	0.965794	FALSE	NA	NA	NA	NA	NA	NA
NC_045512.2	21990	T	-TTA	621	136	33	621	0	20	1	621	1.68534e-129	TRUE	NA	NA	NA	NA	NA	NA
NC_045512.2	22000	C	G	671	168	33	1	0	34	0.0014881	672	0.500372	FALSE	NA	NA	NA	NA	NA	NA
NC_045512.2	22000	C	-A	671	168	33	1	0	20	0.0014881	672	0.992349	FALSE	NA	NA	NA	NA	NA	NA
NC_045512.2	22029	A	-G	705	219	33	1	0	20	0.00141844	705	0.996214	FALSE	NA	NA	NA	NA	NA	NA
NC_045512.2	22030	G	-T	715	218	33	81	0	20	0.113287	715	2.09241e-16	TRUE	NA	NA	NA	NA	NA	NA
NC_045512.2	22032	T	C	107	86	33	464	152	33	0.812609	571	1.2325e-215	TRUE	NA	NA	NA	NA	NA	NA
NC_045512.2	22033	C	A	106	85	33	463	153	33	0.813708	569	2.21145e-215	TRUE	NA	NA	NA	NA	NA	NA
NC_045512.2	22034	A	G	110	90	33	473	152	33	0.811321	583	1.45905e-219	TRUE	NA	NA	NA	NA	NA	NA
NC_045512.2	22034	A	+G	110	90	33	107	0	20	0.183533	583	3.52855e-64	TRUE	NA	NA	NA	NA	NA	NA
NC_045512.2	22036	A	T	592	277	33	1	0	34	0.00168634	593	0.500422	FALSE	NA	NA	NA	NA	NA	NA
NC_045512.2	22038	T	G	468	110	32	1	1	26	0.0021322	469	0.969249	FALSE	NA	NA	NA	NA	NA	NA
NC_045512.2	22072	T	A	691	445	33	1	0	26	0.00144509	692	0.992345	FALSE	NA	NA	NA	NA	NA	NA
NC_045512.2	22102	A	+G	656	517	33	1	0	20	0.00152439	656	0.992394	FALSE	NA	NA	NA	NA	NA	NA
NC_045512.2	22119	T	-C	634	508	33	1	0	20	0.00157729	634	0.992401	FALSE	NA	NA	NA	NA	NA	NA
NC_045512.2	22120	C	G	0	0	0	3	0	34	0.00478469	627	2.41102e-08	TRUE	NA	NA	NA	NA	NA	NA
NC_045512.2	22120	C	A	0	0	0	624	501	33	0.995215	627	0	TRUE	NA	NA	NA	NA	NA	NA
NC_045512.2	22132	G	T	0	0	0	562	445	32	1	562	0	TRUE	NA	NA	NA	NA	NA	NA
NC_045512.2	22160	T	+A	491	408	33	1	0	20	0.00203666	491	0.969383	FALSE	NA	NA	NA	NA	NA	NA
NC_045512.2	22171	A	-T	482	408	33	1	0	20	0.00207469	482	0.969395	FALSE	NA	NA	NA	NA	NA	NA
NC_045512.2	22193	A	-ATT	658	352	33	460	0	20	0.699088	658	1.6109e-101	TRUE	NA	NA	NA	NA	NA	NA
NC_045512.2	22194	A	T	0	0	0	47	43	34	1	47	2.85505e-69	TRUE	NA	NA	NA	NA	NA	NA
NC_045512.2	22200	T	G	0	0	0	474	161	33	1	474	3.24469e-284	TRUE	NA	NA	NA	NA	NA	NA
NC_045512.2	22208	C	T	0	0	0	530	169	33	1	530	0	TRUE	NA	NA	NA	NA	NA	NA
NC_045512.2	22216	G	A	530	155	33	1	0	34	0.00188324	531	0.500471	FALSE	NA	NA	NA	NA	NA	NA
NC_045512.2	22218	G	-T	540	160	33	1	0	20	0.00185185	540	0.984763	FALSE	NA	NA	NA	NA	NA	NA
NC_045512.2	22225	G	C	531	152	33	2	2	34	0.00375235	533	0.250235	FALSE	NA	NA	NA	NA	NA	NA
NC_045512.2	22226	G	A	542	155	33	1	0	26	0.00184162	543	0.984676	FALSE	NA	NA	NA	NA	NA	NA
NC_045512.2	22239	T	C	483	80	33	1	0	34	0.00206612	484	0.500517	FALSE	NA	NA	NA	NA	NA	NA
NC_045512.2	22245	A	G	474	79	33	1	1	34	0.00210526	475	0.500527	FALSE	NA	NA	NA	NA	NA	NA
NC_045512.2	22287	T	A	808	258	33	1	0	34	0.00123609	809	0.500309	FALSE	NA	NA	NA	NA	NA	NA
NC_045512.2	22291	T	G	776	221	33	1	1	26	0.00128535	778	0.996164	FALSE	NA	NA	NA	NA	NA	NA
NC_045512.2	22291	T	C	776	221	33	1	0	34	0.00128535	778	0.5	FALSE	NA	NA	NA	NA	NA	NA
NC_045512.2	22295	C	A	0	0	0	840	309	33	1	840	0	TRUE	NA	NA	NA	NA	NA	NA
NC_045512.2	22298	A	C	858	319	33	1	1	26	0.00116414	859	0.998098	FALSE	NA	NA	NA	NA	NA	NA
NC_045512.2	22300	A	T	845	303	33	2	2	30	0.00236128	847	0.250148	FALSE	NA	NA	NA	NA	NA	NA
NC_045512.2	22301	A	T	871	320	33	1	1	26	0.00114679	872	0.998097	FALSE	NA	NA	NA	NA	NA	NA
NC_045512.2	22302	G	T	886	318	33	1	0	34	0.0011274	887	0.500282	FALSE	NA	NA	NA	NA	NA	NA
NC_045512.2	22304	T	A	854	299	33	2	0	30	0.00233645	856	0.250146	FALSE	NA	NA	NA	NA	NA	NA
NC_045512.2	22309	G	T	897	333	33	1	0	34	0.00111359	898	0.500279	FALSE	NA	NA	NA	NA	NA	NA
NC_045512.2	22318	T	C	920	350	33	1	1	34	0.00108578	921	0.500272	FALSE	NA	NA	NA	NA	NA	NA
NC_045512.2	22336	G	A	849	391	33	2	0	30	0.00235018	851	0.250147	FALSE	NA	NA	NA	NA	NA	NA
NC_045512.2	22345	T	C	0	0	0	703	408	33	1	703	0	TRUE	NA	NA	NA	NA	NA	NA
NC_045512.2	22348	T	C	713	419	33	2	2	30	0.0027972	715	0.250175	FALSE	NA	NA	NA	NA	NA	NA
NC_045512.2	22353	C	A	0	0	0	706	420	33	1	706	0	TRUE	NA	NA	NA	NA	NA	NA
NC_045512.2	22356	A	G	733	444	33	1	0	34	0.0013624	734	0.500341	FALSE	NA	NA	NA	NA	NA	NA
NC_045512.2	22382	A	G	762	493	33	1	1	34	0.00131062	763	0.500328	FALSE	NA	NA	NA	NA	NA	NA
NC_045512.2	22393	A	T	770	553	33	1	1	26	0.00129702	771	0.996184	FALSE	NA	NA	NA	NA	NA	NA
NC_045512.2	22406	A	T	753	536	33	1	1	34	0.00132626	754	0.500332	FALSE	NA	NA	NA	NA	NA	NA
NC_045512.2	22407	A	G	717	541	33	1	0	26	0.00139276	718	0.996191	FALSE	NA	NA	NA	NA	NA	NA
NC_045512.2	22409	G	C	683	534	33	1	1	26	0.00146199	684	0.992347	FALSE	NA	NA	NA	NA	NA	NA
NC_045512.2	22421	G	A	664	540	33	1	0	26	0.00150376	665	0.992351	FALSE	NA	NA	NA	NA	NA	NA
NC_045512.2	22424	G	C	633	524	33	1	1	34	0.00157729	634	0.500395	FALSE	NA	NA	NA	NA	NA	NA
NC_045512.2	22427	G	C	632	523	33	1	1	26	0.00157978	633	0.992359	FALSE	NA	NA	NA	NA	NA	NA
NC_045512.2	22432	C	T	602	502	33	1	1	34	0.00165837	603	0.500415	FALSE	NA	NA	NA	NA	NA	NA
NC_045512.2	22441	T	C	445	361	33	1	1	34	0.00224215	446	0.500561	FALSE	NA	NA	NA	NA	NA	NA
NC_045512.2	22447	T	C	339	265	32	1	0	34	0.00294118	340	0.500736	FALSE	NA	NA	NA	NA	NA	NA
NC_045512.2	22473	A	T	322	279	33	1	1	34	0.00309598	323	0.500775	FALSE	NA	NA	NA	NA	NA	NA
NC_045512.2	22475	T	A	311	267	33	1	1	26	0.00320513	312	0.938501	FALSE	NA	NA	NA	NA	NA	NA
NC_045512.2	22479	T	C	298	255	33	1	1	34	0.00334448	299	0.500838	FALSE	NA	NA	NA	NA	NA	NA
NC_045512.2	22481	A	+C	285	252	33	1	0	20	0.00350877	285	0.876968	FALSE	NA	NA	NA	NA	NA	NA
NC_045512.2	22483	T	C	274	241	33	1	1	34	0.00363636	275	0.500911	FALSE	NA	NA	NA	NA	NA	NA
NC_045512.2	22487	G	A	261	228	33	1	1	34	0.00381679	262	0.500956	FALSE	NA	NA	NA	NA	NA	NA
NC_045512.2	22490	A	T	257	226	33	1	1	26	0.00387597	258	0.876455	FALSE	NA	NA	NA	NA	NA	NA
NC_045512.2	22500	A	C	228	189	33	1	0	26	0.00436681	229	0.876639	FALSE	NA	NA	NA	NA	NA	NA
NC_045512.2	22556	A	G	0	0	0	34	4	33	1	34	7.02913e-20	TRUE	NA	NA	NA	NA	NA	NA
NC_045512.2	22577	G	C	0	0	0	47	9	33	1	47	1.23024e-27	TRUE	NA	NA	NA	NA	NA	NA
NC_045512.2	22578	G	A	0	0	0	47	9	33	1	47	1.23024e-27	TRUE	NA	NA	NA	NA	NA	NA
NC_045512.2	22581	A	T	46	10	33	1	0	26	0.0212766	47	0.505376	FALSE	NA	NA	NA	NA	NA	NA
NC_045512.2	22599	G	C	0	0	0	58	15	33	1	58	3.25668e-34	TRUE	NA	NA	NA	NA	NA	NA
NC_045512.2	22629	A	C	0	0	0	57	19	33	1	57	1.29144e-33	TRUE	NA	NA	NA	NA	NA	NA
NC_045512.2	22656	A	G	49	23	33	1	0	34	0.02	50	0.505051	FALSE	NA	NA	NA	NA	NA	NA
NC_045512.2	22674	C	T	0	0	0	45	21	34	1	45	1.92627e-26	TRUE	NA	NA	NA	NA	NA	NA
NC_045512.2	22679	T	C	0	0	0	46	22	33	1	46	4.8686e-27	TRUE	NA	NA	NA	NA	NA	NA
NC_045512.2	22686	C	T	0	0	0	45	24	34	1	45	1.92627e-26	TRUE	NA	NA	NA	NA	NA	NA
NC_045512.2	22688	A	G	0	0	0	41	21	34	1	41	4.70827e-24	TRUE	NA	NA	NA	NA	NA	NA
NC_045512.2	22742	A	T	47	37	33	1	1	26	0.0208333	48	0.505263	FALSE	NA	NA	NA	NA	NA	NA
NC_045512.2	22770	G	A	0	0	0	35	33	33	1	35	1.78275e-20	TRUE	NA	NA	NA	NA	NA	NA
NC_045512.2	22775	G	A	0	0	0	33	29	34	1	33	2.7703e-19	TRUE	NA	NA	NA	NA	NA	NA
NC_045512.2	22786	A	C	0	0	0	589	102	33	1	589	0	TRUE	NA	NA	NA	NA	NA	NA
NC_045512.2	22789	A	G	566	107	32	1	0	26	0.00176367	567	0.984663	FALSE	NA	NA	NA	NA	NA	NA
NC_045512.2	22805	A	G	412	138	30	2	0	34	0.00483092	414	0.250302	FALSE	NA	NA	NA	NA	NA	NA
NC_045512.2	22806	C	G	770	142	33	2	0	30	0.00259067	772	0.250162	FALSE	NA	NA	NA	NA	NA	NA
NC_045512.2	22813	G	T	0	0	0	801	156	33	1	801	0	TRUE	NA	NA	NA	NA	NA	NA
NC_045512.2	22835	T	C	900	188	33	1	1	34	0.00110988	901	0.500278	FALSE	NA	NA	NA	NA	NA	NA
NC_045512.2	22848	T	A	997	215	33	1	0	34	0.001002	998	0.500251	FALSE	NA	NA	NA	NA	NA	NA
NC_045512.2	22866	C	G	1178	279	33	1	0	26	0.000848176	1179	0.999764	FALSE	NA	NA	NA	NA	NA	NA
NC_045512.2	22882	T	G	0	0	0	1270	325	33	1	1270	0	TRUE	NA	NA	NA	NA	NA	NA
NC_045512.2	22885	T	A	1268	333	33	1	0	34	0.000788022	1269	0.750296	FALSE	NA	NA	NA	NA	NA	NA
NC_045512.2	22893	A	T	1226	340	32	1	1	26	0.000814996	1227	0.999882	FALSE	NA	NA	NA	NA	NA	NA
NC_045512.2	22895	G	C	0	0	0	1196	327	33	1	1196	0	TRUE	NA	NA	NA	NA	NA	NA
NC_045512.2	22896	T	G	0	0	0	1202	327	33	1	1202	0	TRUE	NA	NA	NA	NA	NA	NA
NC_045512.2	22898	G	A	0	0	0	1203	350	33	1	1203	0	TRUE	NA	NA	NA	NA	NA	NA
NC_045512.2	22905	A	T	1299	386	33	1	1	34	0.000769231	1300	0.750289	FALSE	NA	NA	NA	NA	NA	NA
NC_045512.2	22910	A	G	1	1	34	1229	383	33	0.999187	1230	0	TRUE	NA	NA	NA	NA	NA	NA
NC_045512.2	22916	C	T	0	0	0	1107	382	33	1	1107	0	TRUE	NA	NA	NA	NA	NA	NA
NC_045512.2	22917	T	G	0	0	0	1155	387	33	1	1155	0	TRUE	NA	NA	NA	NA	NA	NA
NC_045512.2	22920	A	G	1314	520	33	1	0	26	0.000760456	1315	0.999941	FALSE	NA	NA	NA	NA	NA	NA
NC_045512.2	22923	G	A	1264	516	33	1	0	34	0.000790514	1265	0.750297	FALSE	NA	NA	NA	NA	NA	NA
NC_045512.2	22926	T	C	0	0	0	1104	473	33	1	1104	0	TRUE	NA	NA	NA	NA	NA	NA
NC_045512.2	22928	T	C	0	0	0	1107	496	33	1	1107	0	TRUE	NA	NA	NA	NA	NA	NA
NC_045512.2	22942	T	A	0	0	0	1140	649	32	1	1140	0	TRUE	NA	NA	NA	NA	NA	NA
NC_045512.2	22958	A	G	1133	760	32	1	0	34	0.000881834	1134	0.750331	FALSE	NA	NA	NA	NA	NA	NA
NC_045512.2	22973	G	-A	1291	837	33	1	0	20	0.000774593	1291	0.999883	FALSE	NA	NA	NA	NA	NA	NA
NC_045512.2	22977	T	A	1209	765	32	1	0	26	0.000826446	1210	0.999882	FALSE	NA	NA	NA	NA	NA	NA
NC_045512.2	22979	T	A	1151	705	31	1	1	34	0.000868056	1152	0.750326	FALSE	NA	NA	NA	NA	NA	NA
NC_045512.2	22992	G	A	0	0	0	1262	894	33	1	1262	0	TRUE	NA	NA	NA	NA	NA	NA
NC_045512.2	22995	C	A	0	0	0	1246	885	33	1	1246	0	TRUE	NA	NA	NA	NA	NA	NA
NC_045512.2	23004	A	-TGG	1188	844	33	1	0	20	0.000841751	1188	0.999765	FALSE	NA	NA	NA	NA	NA	NA
NC_045512.2	23005	T	A	0	0	0	970	741	33	1	970	0	TRUE	NA	NA	NA	NA	NA	NA
NC_045512.2	23007	G	-TGT	1018	742	33	939	0	20	0.921492	1019	1.09736e-197	TRUE	NA	NA	NA	NA	NA	NA
NC_045512.2	23008	T	A	5	3	34	1	1	34	0.166667	6	0.00634249	TRUE	NA	NA	NA	NA	NA	NA
NC_045512.2	23008	T	-GTTG	5	3	34	2	0	20	0.0021254	941	0.0024977	TRUE	NA	NA	NA	NA	NA	NA
NC_045512.2	23009	G	A	1	1	34	2	1	34	0.666667	3	6.76879e-06	TRUE	NA	NA	NA	NA	NA	NA
NC_045512.2	23012	G	A	1	1	34	931	727	33	0.998927	932	0	TRUE	NA	NA	NA	NA	NA	NA
NC_045512.2	23014	A	+T	891	732	33	1	0	20	0.00112233	891	0.998105	FALSE	NA	NA	NA	NA	NA	NA
NC_045512.2	23014	A	+C	891	732	33	1	0	20	0.00112233	891	0.998105	FALSE	NA	NA	NA	NA	NA	NA
NC_045512.2	23018	T	C	0	0	0	937	733	33	1	937	0	TRUE	NA	NA	NA	NA	NA	NA
NC_045512.2	23019	T	C	0	0	0	930	736	33	1	930	0	TRUE	NA	NA	NA	NA	NA	NA
NC_045512.2	23039	C	G	0	0	0	917	730	33	1	917	0	TRUE	NA	NA	NA	NA	NA	NA
NC_045512.2	23055	A	G	0	0	0	800	671	33	1	800	0	TRUE	NA	NA	NA	NA	NA	NA
NC_045512.2	23063	A	T	0	0	0	774	660	33	1	774	0	TRUE	NA	NA	NA	NA	NA	NA
NC_045512.2	23075	T	C	0	0	0	562	514	33	1	562	0	TRUE	NA	NA	NA	NA	NA	NA
NC_045512.2	23083	A	G	484	449	33	1	1	34	0.00206186	485	0.500516	FALSE	NA	NA	NA	NA	NA	NA
NC_045512.2	23113	T	C	2140	316	33	1	0	34	0.000466853	2142	0.875088	FALSE	NA	NA	NA	NA	NA	NA
NC_045512.2	23113	T	A	2140	316	33	1	0	34	0.000466853	2142	0.875088	FALSE	NA	NA	NA	NA	NA	NA
NC_045512.2	23114	C	G	2150	320	33	1	0	26	0.000464684	2152	1	FALSE	NA	NA	NA	NA	NA	NA
NC_045512.2	23114	C	A	2150	320	33	1	0	26	0.000464684	2152	1	FALSE	NA	NA	NA	NA	NA	NA
NC_045512.2	23119	T	A	2064	186	33	1	0	34	0.000484262	2065	0.875182	FALSE	NA	NA	NA	NA	NA	NA
NC_045512.2	23135	T	C	2534	391	33	1	0	34	0.000394477	2535	0.875148	FALSE	NA	NA	NA	NA	NA	NA
NC_045512.2	23138	G	T	2581	411	33	1	1	26	0.000387297	2582	1	FALSE	NA	NA	NA	NA	NA	NA
NC_045512.2	23140	A	G	2668	473	33	1	0	34	0.000374672	2669	0.875141	FALSE	NA	NA	NA	NA	NA	NA
NC_045512.2	23146	A	G	2874	512	33	1	0	34	0.000347826	2875	0.87513	FALSE	NA	NA	NA	NA	NA	NA
NC_045512.2	23153	A	T	3017	538	33	1	1	34	0.000331345	3018	0.937604	FALSE	NA	NA	NA	NA	NA	NA
NC_045512.2	23154	C	G	3020	566	33	1	0	26	0.000331016	3021	1	FALSE	NA	NA	NA	NA	NA	NA
NC_045512.2	23160	T	A	3058	584	33	1	1	34	0.000326904	3059	0.937602	FALSE	NA	NA	NA	NA	NA	NA
NC_045512.2	23168	A	G	3312	676	33	1	1	34	0.000301841	3313	0.937594	FALSE	NA	NA	NA	NA	NA	NA
NC_045512.2	23172	A	G	3313	684	33	1	0	26	0.00030175	3314	1	FALSE	NA	NA	NA	NA	NA	NA
NC_045512.2	23182	T	A	3594	896	33	2	1	26	0.000556174	3596	1	FALSE	NA	NA	NA	NA	NA	NA
NC_045512.2	23189	T	C	3693	950	33	1	0	34	0.000270709	3694	0.937585	FALSE	NA	NA	NA	NA	NA	NA
NC_045512.2	23190	T	C	3619	899	33	1	1	26	0.000276243	3620	1	FALSE	NA	NA	NA	NA	NA	NA
NC_045512.2	23192	A	T	3711	998	33	1	1	26	0.000269397	3712	1	FALSE	NA	NA	NA	NA	NA	NA
NC_045512.2	23193	A	G	3639	1007	33	1	0	26	0.000274725	3640	1	FALSE	NA	NA	NA	NA	NA	NA
NC_045512.2	23195	G	C	3806	1017	33	1	0	26	0.000262674	3807	1	FALSE	NA	NA	NA	NA	NA	NA
NC_045512.2	23198	T	G	3881	1014	33	1	1	26	0.000257467	3884	1	FALSE	NA	NA	NA	NA	NA	NA
NC_045512.2	23198	T	C	3881	1014	33	1	1	26	0.000257467	3884	1	FALSE	NA	NA	NA	NA	NA	NA
NC_045512.2	23198	T	A	3881	1014	33	1	0	34	0.000257467	3884	0.937516	FALSE	NA	NA	NA	NA	NA	NA
NC_045512.2	23202	C	G	3822	1060	33	1	0	26	0.000261575	3823	1	FALSE	NA	NA	NA	NA	NA	NA
NC_045512.2	23203	A	G	3827	1070	33	1	0	34	0.000261233	3828	0.937582	FALSE	NA	NA	NA	NA	NA	NA
NC_045512.2	23205	G	A	4066	1143	33	1	0	34	0.000245881	4067	0.968808	FALSE	NA	NA	NA	NA	NA	NA
NC_045512.2	23207	A	G	4098	1156	33	1	1	34	0.000243902	4100	0.968788	FALSE	NA	NA	NA	NA	NA	NA
NC_045512.2	23207	A	C	4098	1156	33	1	0	26	0.000243902	4100	1	FALSE	NA	NA	NA	NA	NA	NA
NC_045512.2	23212	T	A	4472	1370	33	1	1	26	0.000223564	4473	1	FALSE	NA	NA	NA	NA	NA	NA
NC_045512.2	23215	T	C	4142	1046	32	1	0	34	0.000241371	4143	0.968807	FALSE	NA	NA	NA	NA	NA	NA
NC_045512.2	23220	C	T	4483	1409	33	1	0	34	0.000223015	4484	0.968802	FALSE	NA	NA	NA	NA	NA	NA
NC_045512.2	23222	G	A	0	0	0	4527	1398	33	1	4527	0	TRUE	NA	NA	NA	NA	NA	NA
NC_045512.2	23225	T	A	4349	1270	33	1	0	26	0.000229885	4350	1	FALSE	NA	NA	NA	NA	NA	NA
NC_045512.2	23228	A	G	4665	1511	33	1	0	34	0.000214316	4666	0.9688	FALSE	NA	NA	NA	NA	NA	NA
NC_045512.2	23233	A	G	4449	1467	33	1	0	34	0.000224719	4450	0.968803	FALSE	NA	NA	NA	NA	NA	NA
NC_045512.2	23234	A	T	4613	1461	33	1	0	34	0.000216732	4614	0.968801	FALSE	NA	NA	NA	NA	NA	NA
NC_045512.2	23235	A	C	4507	1483	33	1	0	26	0.000221828	4508	1	FALSE	NA	NA	NA	NA	NA	NA
NC_045512.2	23239	T	A	3658	1361	32	1	0	34	0.000273299	3659	0.937585	FALSE	NA	NA	NA	NA	NA	NA
NC_045512.2	23240	C	T	3357	1477	33	1	0	34	0.000297796	3358	0.937593	FALSE	NA	NA	NA	NA	NA	NA
NC_045512.2	23241	T	C	3385	1463	33	1	0	34	0.000295334	3386	0.937592	FALSE	NA	NA	NA	NA	NA	NA
NC_045512.2	23242	G	C	3363	1459	33	1	0	26	0.000297265	3364	1	FALSE	NA	NA	NA	NA	NA	NA
NC_045512.2	23244	C	G	3248	1465	33	1	1	26	0.000307787	3249	1	FALSE	NA	NA	NA	NA	NA	NA
NC_045512.2	23245	T	A	3236	1429	33	1	0	34	0.000308928	3237	0.937597	FALSE	NA	NA	NA	NA	NA	NA
NC_045512.2	23251	A	T	2815	1445	32	1	1	26	0.000355114	2816	1	FALSE	NA	NA	NA	NA	NA	NA
NC_045512.2	23253	A	T	3085	1441	33	1	0	34	0.000324044	3086	0.937601	FALSE	NA	NA	NA	NA	NA	NA
NC_045512.2	23255	T	A	2986	1344	33	1	0	26	0.000334784	2987	1	FALSE	NA	NA	NA	NA	NA	NA
NC_045512.2	23256	T	G	2781	1162	32	1	0	34	0.000359454	2782	0.875135	FALSE	NA	NA	NA	NA	NA	NA
NC_045512.2	23257	T	C	3035	1399	33	1	0	34	0.000329272	3037	0.937562	FALSE	NA	NA	NA	NA	NA	NA
NC_045512.2	23257	T	A	3035	1399	33	1	0	34	0.000329272	3037	0.937562	FALSE	NA	NA	NA	NA	NA	NA
NC_045512.2	23258	G	A	3057	1414	33	1	0	34	0.000327011	3058	0.937602	FALSE	NA	NA	NA	NA	NA	NA
NC_045512.2	23262	G	T	3405	1846	33	1	0	34	0.0002936	3406	0.937592	FALSE	NA	NA	NA	NA	NA	NA
NC_045512.2	23263	A	G	3559	2046	33	1	1	34	0.000280899	3560	0.937588	FALSE	NA	NA	NA	NA	NA	NA
NC_045512.2	23265	A	T	3115	2015	32	1	0	26	0.000320924	3116	1	FALSE	NA	NA	NA	NA	NA	NA
NC_045512.2	23267	A	G	3466	2051	33	1	1	34	0.000288434	3467	0.93759	FALSE	NA	NA	NA	NA	NA	NA
NC_045512.2	23269	T	C	3524	2079	33	1	0	34	0.000283607	3526	0.937553	FALSE	NA	NA	NA	NA	NA	NA
NC_045512.2	23269	T	A	3524	2079	33	1	1	34	0.000283607	3526	0.937553	FALSE	NA	NA	NA	NA	NA	NA
NC_045512.2	23271	C	T	0	0	0	3030	1561	32	1	3030	0	TRUE	NA	NA	NA	NA	NA	NA
NC_045512.2	23272	T	A	3690	2205	33	1	1	26	0.000270929	3691	1	FALSE	NA	NA	NA	NA	NA	NA
NC_045512.2	23273	G	C	3692	2222	33	1	0	34	0.000270783	3693	0.937585	FALSE	NA	NA	NA	NA	NA	NA
NC_045512.2	23284	T	C	3720	2324	33	1	1	26	0.000268745	3721	1	FALSE	NA	NA	NA	NA	NA	NA
NC_045512.2	23286	C	T	3602	2296	33	5	2	34	0.00138619	3607	0.363357	FALSE	NA	NA	NA	NA	NA	NA
NC_045512.2	23288	G	C	3611	2262	33	2	2	34	0.000553557	3613	0.812673	FALSE	NA	NA	NA	NA	NA	NA
NC_045512.2	23292	G	A	3444	2253	33	1	1	34	0.000290276	3445	0.937591	FALSE	NA	NA	NA	NA	NA	NA
NC_045512.2	23295	A	G	3441	2306	33	1	1	26	0.000290529	3442	1	FALSE	NA	NA	NA	NA	NA	NA
NC_045512.2	23296	T	C	3515	2307	33	1	1	34	0.000284414	3516	0.937589	FALSE	NA	NA	NA	NA	NA	NA
NC_045512.2	23304	C	T	3738	2608	33	2	1	34	0.000534759	3740	0.812667	FALSE	NA	NA	NA	NA	NA	NA
NC_045512.2	23307	T	G	3688	2584	33	1	1	34	0.000271076	3689	0.937585	FALSE	NA	NA	NA	NA	NA	NA
NC_045512.2	23308	T	C	3753	2651	33	1	1	34	0.000266383	3754	0.937583	FALSE	NA	NA	NA	NA	NA	NA
NC_045512.2	23309	G	A	3773	2665	33	1	1	34	0.000264971	3774	0.937583	FALSE	NA	NA	NA	NA	NA	NA
NC_045512.2	23313	T	C	4106	3016	33	1	1	26	0.000243487	4107	1	FALSE	NA	NA	NA	NA	NA	NA
NC_045512.2	23316	T	G	3566	2478	32	1	1	26	0.000280269	3568	1	FALSE	NA	NA	NA	NA	NA	NA
NC_045512.2	23316	T	C	3566	2478	32	1	0	34	0.000280269	3568	0.937553	FALSE	NA	NA	NA	NA	NA	NA
NC_045512.2	23317	T	C	4038	2967	33	1	0	34	0.000247586	4039	0.968808	FALSE	NA	NA	NA	NA	NA	NA
NC_045512.2	23320	C	T	4056	3027	33	1	0	34	0.000246488	4057	0.968808	FALSE	NA	NA	NA	NA	NA	NA
NC_045512.2	23321	A	T	4014	3033	33	1	1	26	0.000249066	4015	1	FALSE	NA	NA	NA	NA	NA	NA
NC_045512.2	23325	C	T	4123	3106	33	1	1	34	0.000242483	4124	0.968807	FALSE	NA	NA	NA	NA	NA	NA
NC_045512.2	23330	T	C	3820	2861	33	1	1	26	0.000261712	3821	1	FALSE	NA	NA	NA	NA	NA	NA
NC_045512.2	23331	G	C	3883	2907	33	1	1	34	0.000257467	3884	0.93758	FALSE	NA	NA	NA	NA	NA	NA
NC_045512.2	23333	T	C	3584	2623	32	1	1	34	0.00027894	3585	0.937587	FALSE	NA	NA	NA	NA	NA	NA
NC_045512.2	23334	C	T	3816	2845	33	1	1	34	0.000261986	3817	0.937582	FALSE	NA	NA	NA	NA	NA	NA
NC_045512.2	23338	T	C	3794	2835	33	1	1	34	0.000263505	3795	0.937582	FALSE	NA	NA	NA	NA	NA	NA
NC_045512.2	23340	G	C	3755	2840	33	2	1	26	0.00053234	3757	1	FALSE	NA	NA	NA	NA	NA	NA
NC_045512.2	23342	G	C	3717	2789	33	1	0	34	0.000268962	3718	0.937584	FALSE	NA	NA	NA	NA	NA	NA
NC_045512.2	23346	T	C	3650	2773	33	2	1	34	0.000547645	3652	0.812671	FALSE	NA	NA	NA	NA	NA	NA
NC_045512.2	23349	G	C	3604	2753	33	1	1	26	0.000277393	3605	1	FALSE	NA	NA	NA	NA	NA	NA
NC_045512.2	23350	T	A	3597	2776	33	1	0	26	0.000277932	3598	1	FALSE	NA	NA	NA	NA	NA	NA
NC_045512.2	23352	T	C	3533	2708	33	1	1	34	0.000282885	3535	0.937553	FALSE	NA	NA	NA	NA	NA	NA
NC_045512.2	23352	T	A	3533	2708	33	1	0	34	0.000282885	3535	0.937553	FALSE	NA	NA	NA	NA	NA	NA
NC_045512.2	23353	T	A	3296	2466	32	1	1	34	0.000303306	3297	0.937595	FALSE	NA	NA	NA	NA	NA	NA
NC_045512.2	23355	T	C	3351	2600	33	1	1	34	0.000298329	3352	0.937593	FALSE	NA	NA	NA	NA	NA	NA
NC_045512.2	23359	A	T	3194	2543	33	1	1	34	0.000312989	3195	0.937598	FALSE	NA	NA	NA	NA	NA	NA
NC_045512.2	23361	C	T	3055	2444	33	1	0	34	0.000327225	3056	0.937602	FALSE	NA	NA	NA	NA	NA	NA
NC_045512.2	23366	A	T	2942	2436	33	2	2	34	0.000679117	2945	0.687564	FALSE	NA	NA	NA	NA	NA	NA
NC_045512.2	23366	A	G	2942	2436	33	1	0	34	0.000339559	2945	0.875	FALSE	NA	NA	NA	NA	NA	NA
NC_045512.2	23368	A	T	2968	2399	33	1	1	26	0.000336814	2969	1	FALSE	NA	NA	NA	NA	NA	NA
NC_045512.2	23369	A	T	2934	2399	33	1	1	26	0.000340716	2935	1	FALSE	NA	NA	NA	NA	NA	NA
NC_045512.2	23371	T	+A	2837	2308	33	3	0	20	0.00105746	2837	1	FALSE	NA	NA	NA	NA	NA	NA
NC_045512.2	23375	T	A	2370	1887	32	1	1	26	0.000421763	2371	1	FALSE	NA	NA	NA	NA	NA	NA
NC_045512.2	23390	G	T	2541	2107	33	1	1	34	0.000393391	2542	0.875148	FALSE	NA	NA	NA	NA	NA	NA
NC_045512.2	23391	T	A	2526	2089	33	1	1	34	0.000395726	2527	0.875148	FALSE	NA	NA	NA	NA	NA	NA
NC_045512.2	23392	T	A	2467	2030	33	1	1	34	0.000405186	2468	0.875152	FALSE	NA	NA	NA	NA	NA	NA
NC_045512.2	23398	T	A	2454	2038	33	1	1	34	0.000407332	2455	0.875153	FALSE	NA	NA	NA	NA	NA	NA
NC_045512.2	23403	A	G	0	0	0	2317	1926	33	1	2317	0	TRUE	NA	NA	NA	NA	NA	NA
NC_045512.2	23406	T	C	1822	1443	32	1	1	34	0.000548546	1823	0.750206	FALSE	NA	NA	NA	NA	NA	NA
NC_045512.2	23412	G	A	1921	1590	33	1	1	34	0.000520291	1922	0.750195	FALSE	NA	NA	NA	NA	NA	NA
NC_045512.2	23414	A	G	1898	1566	33	1	1	34	0.000526593	1899	0.750198	FALSE	NA	NA	NA	NA	NA	NA
NC_045512.2	23417	G	-A	1847	1546	33	1	0	20	0.000541419	1847	0.999998	FALSE	NA	NA	NA	NA	NA	NA
NC_045512.2	23423	C	T	0	0	0	1626	1362	33	1	1626	0	TRUE	NA	NA	NA	NA	NA	NA
NC_045512.2	23425	T	A	1579	1378	33	1	1	34	0.000632911	1580	0.750237	FALSE	NA	NA	NA	NA	NA	NA
NC_045512.2	23443	T	C	1235	1095	33	1	1	34	0.000809061	1236	0.750304	FALSE	NA	NA	NA	NA	NA	NA
NC_045512.2	23448	T	A	1173	1042	33	1	1	26	0.000851789	1174	0.999764	FALSE	NA	NA	NA	NA	NA	NA
NC_045512.2	23513	A	T	54	49	33	1	0	34	0.0181818	55	0.504587	FALSE	NA	NA	NA	NA	NA	NA
NC_045512.2	23525	C	T	0	0	0	49	43	33	1	49	7.85003e-29	TRUE	NA	NA	NA	NA	NA	NA
NC_045512.2	23598	A	G	0	0	0	854	67	33	1	854	0	TRUE	NA	NA	NA	NA	NA	NA
NC_045512.2	23599	T	G	0	0	0	861	75	33	1	861	0	TRUE	NA	NA	NA	NA	NA	NA
NC_045512.2	23604	C	G	0	0	0	878	82	33	1	878	0	TRUE	NA	NA	NA	NA	NA	NA
NC_045512.2	23606	C	T	945	95	33	1	0	34	0.00105708	946	0.500264	FALSE	NA	NA	NA	NA	NA	NA
NC_045512.2	23611	G	C	1061	146	33	1	0	26	0.000940734	1063	0.999524	FALSE	NA	NA	NA	NA	NA	NA
NC_045512.2	23611	G	A	1061	146	33	1	1	34	0.000940734	1063	0.750118	FALSE	NA	NA	NA	NA	NA	NA
NC_045512.2	23614	A	G	1092	153	33	1	0	34	0.000914913	1093	0.750343	FALSE	NA	NA	NA	NA	NA	NA
NC_045512.2	23617	T	C	1211	167	33	1	1	34	0.000825083	1212	0.75031	FALSE	NA	NA	NA	NA	NA	NA
NC_045512.2	23621	G	A	1321	184	33	1	0	34	0.00075643	1322	0.750284	FALSE	NA	NA	NA	NA	NA	NA
NC_045512.2	23624	G	T	1365	200	33	1	0	34	0.000732064	1366	0.750275	FALSE	NA	NA	NA	NA	NA	NA
NC_045512.2	23628	G	A	1445	241	33	1	0	34	0.000691563	1446	0.750259	FALSE	NA	NA	NA	NA	NA	NA
NC_045512.2	23637	T	C	1682	326	33	1	1	26	0.000594177	1683	0.999993	FALSE	NA	NA	NA	NA	NA	NA
NC_045512.2	23638	C	T	0	0	0	1726	360	33	1	1726	0	TRUE	NA	NA	NA	NA	NA	NA
NC_045512.2	23641	T	G	1924	451	33	1	0	34	0.000519481	1925	0.750195	FALSE	NA	NA	NA	NA	NA	NA
NC_045512.2	23643	C	T	2033	490	33	2	0	34	0.000982801	2035	0.687777	FALSE	NA	NA	NA	NA	NA	NA
NC_045512.2	23656	A	G	2425	576	33	1	1	34	0.000412201	2426	0.875155	FALSE	NA	NA	NA	NA	NA	NA
NC_045512.2	23657	C	A	2464	604	33	2	2	34	0.00081103	2466	0.687728	FALSE	NA	NA	NA	NA	NA	NA
NC_045512.2	23667	A	G	2487	654	32	1	0	34	0.000401929	2488	0.875151	FALSE	NA	NA	NA	NA	NA	NA
NC_045512.2	23669	A	G	2568	669	33	1	0	34	0.000389257	2569	0.875146	FALSE	NA	NA	NA	NA	NA	NA
NC_045512.2	23673	C	G	2539	658	33	1	0	34	0.000393701	2540	0.875148	FALSE	NA	NA	NA	NA	NA	NA
NC_045512.2	23675	G	T	2495	597	33	1	1	34	0.000400641	2496	0.87515	FALSE	NA	NA	NA	NA	NA	NA
NC_045512.2	23680	T	C	2630	695	33	2	0	34	0.000759878	2632	0.687714	FALSE	NA	NA	NA	NA	NA	NA
NC_045512.2	23683	C	G	2691	727	33	1	0	34	0.000371471	2692	0.875139	FALSE	NA	NA	NA	NA	NA	NA
NC_045512.2	23686	T	A	2797	751	33	1	1	34	0.000357398	2798	0.875134	FALSE	NA	NA	NA	NA	NA	NA
NC_045512.2	23687	A	G	2806	753	33	1	0	34	0.000356252	2807	0.875134	FALSE	NA	NA	NA	NA	NA	NA
NC_045512.2	23695	T	A	2822	694	33	1	1	34	0.000354233	2823	0.875133	FALSE	NA	NA	NA	NA	NA	NA
NC_045512.2	23697	T	A	2951	815	33	2	0	34	0.000677277	2953	0.687691	FALSE	NA	NA	NA	NA	NA	NA
NC_045512.2	23699	G	A	2970	811	33	1	0	34	0.000336587	2971	0.875126	FALSE	NA	NA	NA	NA	NA	NA
NC_045512.2	23703	T	C	2928	806	33	1	0	34	0.000341413	2929	0.875128	FALSE	NA	NA	NA	NA	NA	NA
NC_045512.2	23704	A	T	3091	970	33	1	1	34	0.000323415	3092	0.937601	FALSE	NA	NA	NA	NA	NA	NA
NC_045512.2	23708	A	G	3151	1080	33	1	0	34	0.000317259	3152	0.937599	FALSE	NA	NA	NA	NA	NA	NA
NC_045512.2	23710	A	G	3218	1072	33	1	0	34	0.000310655	3219	0.937597	FALSE	NA	NA	NA	NA	NA	NA
NC_045512.2	23712	A	G	2899	1085	32	1	1	26	0.000344828	2900	1	FALSE	NA	NA	NA	NA	NA	NA
NC_045512.2	23716	T	A	3257	1127	33	1	0	26	0.000306937	3258	1	FALSE	NA	NA	NA	NA	NA	NA
NC_045512.2	23723	A	G	3254	1181	33	1	0	34	0.00030722	3255	0.937596	FALSE	NA	NA	NA	NA	NA	NA
NC_045512.2	23726	G	A	3362	1235	33	1	1	34	0.000297354	3363	0.937593	FALSE	NA	NA	NA	NA	NA	NA
NC_045512.2	23728	T	C	3267	1248	33	1	1	26	0.000305998	3268	1	FALSE	NA	NA	NA	NA	NA	NA
NC_045512.2	23729	A	C	3221	1259	33	1	1	26	0.000310366	3222	1	FALSE	NA	NA	NA	NA	NA	NA
NC_045512.2	23732	A	G	3144	1271	33	1	0	34	0.000317965	3145	0.937599	FALSE	NA	NA	NA	NA	NA	NA
NC_045512.2	23734	A	T	3095	1258	33	1	0	34	0.000322997	3096	0.937601	FALSE	NA	NA	NA	NA	NA	NA
NC_045512.2	23735	G	C	3079	1251	33	1	1	34	0.000324675	3080	0.937601	FALSE	NA	NA	NA	NA	NA	NA
NC_045512.2	23742	T	C	3111	1419	33	1	1	34	0.000321337	3112	0.9376	FALSE	NA	NA	NA	NA	NA	NA
NC_045512.2	23743	A	T	3223	1547	33	1	0	34	0.000309981	3226	0.937519	FALSE	NA	NA	NA	NA	NA	NA
NC_045512.2	23743	A	G	3223	1547	33	2	0	34	0.000619963	3226	0.812597	FALSE	NA	NA	NA	NA	NA	NA
NC_045512.2	23746	A	G	3043	1541	33	1	1	34	0.000328515	3044	0.937603	FALSE	NA	NA	NA	NA	NA	NA
NC_045512.2	23748	T	A	2981	1506	33	1	0	34	0.000335345	2982	0.875126	FALSE	NA	NA	NA	NA	NA	NA
NC_045512.2	23749	G	A	3096	1579	33	1	1	34	0.000322893	3097	0.937601	FALSE	NA	NA	NA	NA	NA	NA
NC_045512.2	23750	T	A	2991	1470	33	1	1	26	0.000334225	2992	1	FALSE	NA	NA	NA	NA	NA	NA
NC_045512.2	23751	C	T	3114	1592	33	1	1	34	0.000321027	3115	0.9376	FALSE	NA	NA	NA	NA	NA	NA
NC_045512.2	23752	T	C	2919	1403	33	1	0	34	0.000342466	2920	0.875128	FALSE	NA	NA	NA	NA	NA	NA
NC_045512.2	23754	T	A	3114	1595	33	2	0	26	0.000641849	3116	1	FALSE	NA	NA	NA	NA	NA	NA
NC_045512.2	23756	A	T	3150	1658	33	1	0	34	0.00031736	3151	0.937599	FALSE	NA	NA	NA	NA	NA	NA
NC_045512.2	23759	A	G	3079	1585	33	3	0	34	0.000973078	3083	0.656326	FALSE	NA	NA	NA	NA	NA	NA
NC_045512.2	23759	A	C	3079	1585	33	1	1	26	0.000324359	3083	1	FALSE	NA	NA	NA	NA	NA	NA
NC_045512.2	23760	A	G	3015	1607	33	1	0	34	0.000331565	3016	0.937604	FALSE	NA	NA	NA	NA	NA	NA
NC_045512.2	23762	A	G	3005	1703	33	1	1	34	0.000332668	3006	0.937604	FALSE	NA	NA	NA	NA	NA	NA
NC_045512.2	23765	T	A	3166	1744	33	1	1	34	0.000315756	3167	0.937599	FALSE	NA	NA	NA	NA	NA	NA
NC_045512.2	23766	C	T	3135	1715	33	1	0	34	0.000318878	3136	0.9376	FALSE	NA	NA	NA	NA	NA	NA
NC_045512.2	23767	A	T	3122	1728	33	1	1	26	0.000320205	3123	1	FALSE	NA	NA	NA	NA	NA	NA
NC_045512.2	23771	G	A	3066	1754	33	1	1	34	0.000326052	3067	0.937602	FALSE	NA	NA	NA	NA	NA	NA
NC_045512.2	23772	A	T	3181	1914	33	1	1	26	0.000314268	3182	1	FALSE	NA	NA	NA	NA	NA	NA
NC_045512.2	23773	T	C	3261	1975	33	1	1	34	0.000306466	3263	0.937557	FALSE	NA	NA	NA	NA	NA	NA
NC_045512.2	23773	T	A	3261	1975	33	1	1	34	0.000306466	3263	0.937557	FALSE	NA	NA	NA	NA	NA	NA
NC_045512.2	23780	A	G	3158	1937	33	1	0	34	0.000316556	3159	0.937599	FALSE	NA	NA	NA	NA	NA	NA
NC_045512.2	23782	G	T	3237	1997	33	1	1	26	0.000308833	3238	1	FALSE	NA	NA	NA	NA	NA	NA
NC_045512.2	23785	C	G	3188	2035	33	1	0	34	0.000313578	3189	0.937598	FALSE	NA	NA	NA	NA	NA	NA
NC_045512.2	23787	T	G	2877	1755	32	1	1	26	0.000347464	2878	1	FALSE	NA	NA	NA	NA	NA	NA
NC_045512.2	23789	T	A	3155	2037	33	1	1	34	0.000316857	3156	0.937599	FALSE	NA	NA	NA	NA	NA	NA
NC_045512.2	23790	G	C	3153	2040	33	1	1	34	0.000317058	3154	0.937599	FALSE	NA	NA	NA	NA	NA	NA
NC_045512.2	23793	G	C	2910	1966	33	1	1	26	0.000343525	2911	1	FALSE	NA	NA	NA	NA	NA	NA
NC_045512.2	23794	T	C	2854	1904	33	1	1	34	0.000350263	2855	0.875131	FALSE	NA	NA	NA	NA	NA	NA
NC_045512.2	23796	A	T	2840	1948	33	1	0	34	0.000351865	2842	0.875066	FALSE	NA	NA	NA	NA	NA	NA
NC_045512.2	23796	A	G	2840	1948	33	1	1	34	0.000351865	2842	0.875066	FALSE	NA	NA	NA	NA	NA	NA
NC_045512.2	23801	A	G	2591	1928	33	2	0	34	0.000771307	2593	0.687717	FALSE	NA	NA	NA	NA	NA	NA
NC_045512.2	23812	C	G	2585	1887	33	3	0	31	0.0011592	2588	0.500181	FALSE	NA	NA	NA	NA	NA	NA
NC_045512.2	23815	T	A	2510	1799	33	1	1	34	0.000398248	2511	0.875149	FALSE	NA	NA	NA	NA	NA	NA
NC_045512.2	23821	G	C	2481	1805	33	1	1	34	0.000402901	2482	0.875151	FALSE	NA	NA	NA	NA	NA	NA
NC_045512.2	23828	T	C	2389	1746	33	1	0	34	0.00041841	2390	0.875157	FALSE	NA	NA	NA	NA	NA	NA
NC_045512.2	23829	A	T	2340	1803	33	1	0	34	0.000426985	2342	0.87508	FALSE	NA	NA	NA	NA	NA	NA
NC_045512.2	23829	A	G	2340	1803	33	1	1	34	0.000426985	2342	0.87508	FALSE	NA	NA	NA	NA	NA	NA
NC_045512.2	23831	G	C	2422	1796	33	1	1	26	0.000412712	2423	1	FALSE	NA	NA	NA	NA	NA	NA
NC_045512.2	23833	C	A	2362	1787	33	1	0	34	0.000423191	2363	0.875159	FALSE	NA	NA	NA	NA	NA	NA
NC_045512.2	23837	T	A	2326	1787	33	2	2	34	0.000859107	2328	0.687742	FALSE	NA	NA	NA	NA	NA	NA
NC_045512.2	23839	T	G	2304	1764	33	1	1	34	0.000433839	2305	0.875163	FALSE	NA	NA	NA	NA	NA	NA
NC_045512.2	23846	C	G	2149	1718	33	3	0	34	0.00139405	2152	0.500218	FALSE	NA	NA	NA	NA	NA	NA
NC_045512.2	23854	C	A	0	0	0	2082	1685	33	1	2082	0	TRUE	NA	NA	NA	NA	NA	NA
NC_045512.2	23871	T	A	1637	1316	33	1	1	34	0.000610501	1638	0.750229	FALSE	NA	NA	NA	NA	NA	NA
NC_045512.2	24275	A	G	196	37	33	1	0	34	0.00507614	197	0.501272	FALSE	NA	NA	NA	NA	NA	NA
NC_045512.2	24320	C	A	318	94	33	1	0	34	0.0031348	319	0.500785	FALSE	NA	NA	NA	NA	NA	NA
NC_045512.2	24336	A	C	197	94	31	1	0	26	0.00505051	198	0.751899	FALSE	NA	NA	NA	NA	NA	NA
NC_045512.2	24337	C	G	258	93	33	1	1	26	0.003861	259	0.876449	FALSE	NA	NA	NA	NA	NA	NA
NC_045512.2	24340	A	T	258	94	33	1	1	34	0.003861	259	0.500967	FALSE	NA	NA	NA	NA	NA	NA
NC_045512.2	24378	C	T	0	0	0	260	146	33	1	260	1.66611e-155	TRUE	NA	NA	NA	NA	NA	NA
NC_045512.2	24406	T	C	295	205	33	1	0	34	0.00337838	296	0.500846	FALSE	NA	NA	NA	NA	NA	NA
NC_045512.2	24409	A	T	280	200	33	2	2	34	0.0070922	282	0.250444	FALSE	NA	NA	NA	NA	NA	NA
NC_045512.2	24424	A	T	0	0	0	276	195	33	1	276	3.99667e-165	TRUE	NA	NA	NA	NA	NA	NA
NC_045512.2	24461	A	T	179	156	33	1	1	34	0.00555556	180	0.501393	FALSE	NA	NA	NA	NA	NA	NA
NC_045512.2	24469	T	A	0	0	0	162	142	33	1	162	1.32123e-96	TRUE	NA	NA	NA	NA	NA	NA
NC_045512.2	24498	A	G	134	124	33	2	2	34	0.0147059	136	0.250923	FALSE	NA	NA	NA	NA	NA	NA
NC_045512.2	27577	C	G	913	107	33	1	1	26	0.00109409	914	0.999053	FALSE	NA	NA	NA	NA	NA	NA
NC_045512.2	27588	T	C	1087	151	33	1	0	34	0.000919118	1088	0.750345	FALSE	NA	NA	NA	NA	NA	NA
NC_045512.2	27622	T	A	1647	298	33	1	0	26	0.000606796	1648	0.999993	FALSE	NA	NA	NA	NA	NA	NA
NC_045512.2	27625	C	T	1662	312	33	1	0	34	0.000601323	1663	0.750226	FALSE	NA	NA	NA	NA	NA	NA
NC_045512.2	27642	A	G	2053	459	33	1	1	34	0.000486855	2054	0.875183	FALSE	NA	NA	NA	NA	NA	NA
NC_045512.2	27650	T	C	2200	496	33	1	0	34	0.000454133	2202	0.875085	FALSE	NA	NA	NA	NA	NA	NA
NC_045512.2	27650	T	A	2200	496	33	1	0	34	0.000454133	2202	0.875085	FALSE	NA	NA	NA	NA	NA	NA
NC_045512.2	27655	A	C	2106	511	32	1	0	26	0.000474608	2107	1	FALSE	NA	NA	NA	NA	NA	NA
NC_045512.2	27663	A	G	2490	639	33	1	0	34	0.000401445	2491	0.875151	FALSE	NA	NA	NA	NA	NA	NA
NC_045512.2	27668	A	G	2514	650	33	1	0	34	0.000397614	2515	0.875149	FALSE	NA	NA	NA	NA	NA	NA
NC_045512.2	27671	T	A	2500	611	33	1	0	26	0.00039984	2501	1	FALSE	NA	NA	NA	NA	NA	NA
NC_045512.2	27678	A	G	2691	738	33	1	0	34	0.000371471	2692	0.875139	FALSE	NA	NA	NA	NA	NA	NA
NC_045512.2	27684	C	G	2714	763	33	1	0	26	0.000368324	2715	1	FALSE	NA	NA	NA	NA	NA	NA
NC_045512.2	27686	C	G	2723	787	33	1	0	26	0.000367107	2724	1	FALSE	NA	NA	NA	NA	NA	NA
NC_045512.2	27687	T	C	2734	783	33	1	1	34	0.000365631	2735	0.875137	FALSE	NA	NA	NA	NA	NA	NA
NC_045512.2	27689	C	A	2683	782	33	1	0	26	0.000372578	2684	1	FALSE	NA	NA	NA	NA	NA	NA
NC_045512.2	27690	A	G	2715	772	33	2	0	34	0.000736106	2717	0.687707	FALSE	NA	NA	NA	NA	NA	NA
NC_045512.2	27693	T	G	2658	811	33	1	0	34	0.00037594	2660	0.875071	FALSE	NA	NA	NA	NA	NA	NA
NC_045512.2	27693	T	A	2658	811	33	1	0	34	0.00037594	2660	0.875071	FALSE	NA	NA	NA	NA	NA	NA
NC_045512.2	27701	T	C	2701	857	33	1	1	34	0.000370096	2702	0.875139	FALSE	NA	NA	NA	NA	NA	NA
NC_045512.2	27717	G	A	2592	1074	33	1	0	34	0.000385654	2593	0.875145	FALSE	NA	NA	NA	NA	NA	NA
NC_045512.2	27719	T	G	2711	1177	33	1	1	34	0.000368732	2712	0.875138	FALSE	NA	NA	NA	NA	NA	NA
NC_045512.2	27722	T	A	2625	1077	33	1	1	26	0.000380807	2626	1	FALSE	NA	NA	NA	NA	NA	NA
NC_045512.2	27723	A	T	2696	1240	33	1	0	26	0.000370782	2697	1	FALSE	NA	NA	NA	NA	NA	NA
NC_045512.2	27740	T	C	2664	1321	33	1	1	26	0.000374672	2669	1	FALSE	NA	NA	NA	NA	NA	NA
NC_045512.2	27740	T	A	2664	1321	33	4	3	32	0.00149869	2669	0.343662	FALSE	NA	NA	NA	NA	NA	NA
NC_045512.2	27745	A	G	2628	1331	33	1	0	34	0.000380373	2629	0.875143	FALSE	NA	NA	NA	NA	NA	NA
NC_045512.2	27748	A	G	2619	1316	33	1	1	34	0.000381679	2620	0.875143	FALSE	NA	NA	NA	NA	NA	NA
NC_045512.2	27754	G	T	2412	1247	33	1	1	26	0.000414422	2413	1	FALSE	NA	NA	NA	NA	NA	NA
NC_045512.2	27756	A	G	2423	1288	33	1	0	34	0.000412541	2424	0.875155	FALSE	NA	NA	NA	NA	NA	NA
NC_045512.2	27761	T	A	2412	1280	33	1	0	26	0.000414422	2413	1	FALSE	NA	NA	NA	NA	NA	NA
NC_045512.2	27762	G	T	2405	1264	33	1	1	34	0.000415628	2406	0.875156	FALSE	NA	NA	NA	NA	NA	NA
NC_045512.2	27768	T	A	2341	1266	33	1	0	34	0.000426985	2342	0.87516	FALSE	NA	NA	NA	NA	NA	NA
NC_045512.2	27770	A	G	2317	1279	33	1	0	34	0.000431406	2318	0.875162	FALSE	NA	NA	NA	NA	NA	NA
NC_045512.2	27778	A	-C	2215	1286	33	5	0	20	0.00225734	2215	0.999855	FALSE	NA	NA	NA	NA	NA	NA
NC_045512.2	27779	C	-T	2225	1303	33	2194	0	20	0.986067	2225	0	TRUE	NA	NA	NA	NA	NA	NA
NC_045512.2	27780	T	C	33	4	34	115	98	32	0.777027	148	3.45992e-165	TRUE	NA	NA	NA	NA	NA	NA
NC_045512.2	27781	T	C	2578	1604	33	3	3	34	0.00116234	2581	0.500182	FALSE	NA	NA	NA	NA	NA	NA
NC_045512.2	27783	T	A	2616	1618	33	3	2	31	0.00114548	2619	0.500179	FALSE	NA	NA	NA	NA	NA	NA
NC_045512.2	27785	T	A	2439	1439	32	1	0	34	0.000409836	2440	0.875154	FALSE	NA	NA	NA	NA	NA	NA
NC_045512.2	27788	G	T	2972	2008	33	1	1	26	0.000336134	2975	1	FALSE	NA	NA	NA	NA	NA	NA
NC_045512.2	27788	G	C	2972	2008	33	2	2	34	0.000672269	2975	0.687563	FALSE	NA	NA	NA	NA	NA	NA
NC_045512.2	27800	C	G	2744	2007	33	1	1	26	0.000364299	2745	1	FALSE	NA	NA	NA	NA	NA	NA
NC_045512.2	27805	T	C	2622	1897	33	1	1	34	0.000381243	2623	0.875143	FALSE	NA	NA	NA	NA	NA	NA
NC_045512.2	27806	G	T	2721	1997	33	1	1	26	0.000367377	2722	1	FALSE	NA	NA	NA	NA	NA	NA
NC_045512.2	27807	C	T	0	0	0	2698	1981	33	1	2698	0	TRUE	NA	NA	NA	NA	NA	NA
NC_045512.2	27808	T	C	2702	1980	33	1	1	34	0.000369959	2703	0.875139	FALSE	NA	NA	NA	NA	NA	NA
NC_045512.2	27809	A	T	2632	1955	33	1	0	34	0.000379795	2633	0.875142	FALSE	NA	NA	NA	NA	NA	NA
NC_045512.2	27810	T	C	0	0	0	2603	1986	33	1	2603	0	TRUE	NA	NA	NA	NA	NA	NA
NC_045512.2	27811	T	C	2650	1985	33	1	1	34	0.000377216	2651	0.875141	FALSE	NA	NA	NA	NA	NA	NA
NC_045512.2	27819	T	G	2199	1566	32	1	1	26	0.000454545	2200	1	FALSE	NA	NA	NA	NA	NA	NA
NC_045512.2	27821	A	T	2467	1836	33	2	1	30	0.000810045	2469	0.687728	FALSE	NA	NA	NA	NA	NA	NA
NC_045512.2	27827	G	T	2375	1805	33	1	1	26	0.000420875	2376	1	FALSE	NA	NA	NA	NA	NA	NA
NC_045512.2	27828	C	T	2319	1814	33	1	1	34	0.000430849	2321	0.875081	FALSE	NA	NA	NA	NA	NA	NA
NC_045512.2	27828	C	A	2319	1814	33	1	0	26	0.000430849	2321	1	FALSE	NA	NA	NA	NA	NA	NA
NC_045512.2	27829	T	A	2291	1767	33	1	1	34	0.0004363	2292	0.875164	FALSE	NA	NA	NA	NA	NA	NA
NC_045512.2	27830	T	A	2274	1777	33	1	0	34	0.00043956	2275	0.875165	FALSE	NA	NA	NA	NA	NA	NA
NC_045512.2	27837	T	C	2220	1732	33	2	0	34	0.00090009	2222	0.687753	FALSE	NA	NA	NA	NA	NA	NA
NC_045512.2	27842	G	C	2207	1726	33	1	1	34	0.000452899	2208	0.87517	FALSE	NA	NA	NA	NA	NA	NA
NC_045512.2	27843	T	C	2134	1661	33	1	1	34	0.000468384	2135	0.875176	FALSE	NA	NA	NA	NA	NA	NA
NC_045512.2	27844	T	A	1828	1357	32	1	1	34	0.000546747	1829	0.750205	FALSE	NA	NA	NA	NA	NA	NA
NC_045512.2	27854	A	C	1986	1634	33	1	1	34	0.000503271	1987	0.750189	FALSE	NA	NA	NA	NA	NA	NA
NC_045512.2	27856	T	A	1893	1476	33	1	0	26	0.000527983	1894	0.999998	FALSE	NA	NA	NA	NA	NA	NA
NC_045512.2	27872	A	G	1518	1297	33	1	1	34	0.000658328	1519	0.750247	FALSE	NA	NA	NA	NA	NA	NA
NC_045512.2	27887	A	T	1312	1129	33	1	1	26	0.000761615	1313	0.999941	FALSE	NA	NA	NA	NA	NA	NA
NC_045512.2	27922	T	A	1023	930	33	1	1	26	0.000976562	1024	0.999527	FALSE	NA	NA	NA	NA	NA	NA
NC_045512.2	27922	T	+C	1023	930	33	1	0	20	0.000976562	1024	0.999527	FALSE	NA	NA	NA	NA	NA	NA
NC_045512.2	28869	C	T	567	106	33	1	0	34	0.00176056	568	0.500441	FALSE	NA	NA	NA	NA	NA	NA
NC_045512.2	28881	G	A	0	0	0	586	114	33	1	586	0	TRUE	NA	NA	NA	NA	NA	NA
NC_045512.2	28882	G	A	0	0	0	503	116	31	1	503	1.15963e-301	TRUE	NA	NA	NA	NA	NA	NA
NC_045512.2	28883	G	C	0	0	0	600	117	33	1	600	0	TRUE	NA	NA	NA	NA	NA	NA
NC_045512.2	28885	A	G	708	141	33	1	0	34	0.00141044	709	0.500353	FALSE	NA	NA	NA	NA	NA	NA
NC_045512.2	28901	A	G	811	201	33	1	1	34	0.00123153	812	0.500308	FALSE	NA	NA	NA	NA	NA	NA
NC_045512.2	28919	G	A	918	220	33	2	0	34	0.00217391	920	0.250136	FALSE	NA	NA	NA	NA	NA	NA
NC_045512.2	28924	T	C	947	232	33	1	0	34	0.00105485	948	0.500264	FALSE	NA	NA	NA	NA	NA	NA
NC_045512.2	28930	T	C	1024	288	33	1	1	34	0.00097561	1025	0.750366	FALSE	NA	NA	NA	NA	NA	NA
NC_045512.2	28936	G	T	1051	305	33	1	1	26	0.00095057	1052	0.999527	FALSE	NA	NA	NA	NA	NA	NA
NC_045512.2	28942	G	A	1154	385	33	2	0	30	0.0017301	1156	0.500325	FALSE	NA	NA	NA	NA	NA	NA
NC_045512.2	28943	C	G	1139	391	33	1	0	34	0.000877193	1140	0.750329	FALSE	NA	NA	NA	NA	NA	NA
NC_045512.2	28954	G	+C	1219	414	33	1	0	20	0.000820345	1219	0.999883	FALSE	NA	NA	NA	NA	NA	NA
NC_045512.2	28958	C	A	0	0	0	1213	405	33	1	1213	0	TRUE	NA	NA	NA	NA	NA	NA
NC_045512.2	28962	T	C	1246	423	33	1	1	34	0.000801925	1247	0.750301	FALSE	NA	NA	NA	NA	NA	NA
NC_045512.2	28969	C	T	1250	507	33	1	1	34	0.000799361	1251	0.7503	FALSE	NA	NA	NA	NA	NA	NA
NC_045512.2	28971	A	T	1252	501	33	1	1	34	0.000798085	1253	0.750299	FALSE	NA	NA	NA	NA	NA	NA
NC_045512.2	28975	G	C	1212	516	33	1	1	26	0.000824402	1213	0.999882	FALSE	NA	NA	NA	NA	NA	NA
NC_045512.2	28978	T	A	1200	518	33	1	0	26	0.000832639	1201	0.999882	FALSE	NA	NA	NA	NA	NA	NA
NC_045512.2	28987	C	G	1152	529	33	1	1	34	0.000867303	1153	0.750325	FALSE	NA	NA	NA	NA	NA	NA
NC_045512.2	28987	C	-CAA	1152	529	33	1	0	20	0.000867303	1153	0.999764	FALSE	NA	NA	NA	NA	NA	NA
NC_045512.2	29007	C	G	1091	570	33	2	0	34	0.00182983	1093	0.500343	FALSE	NA	NA	NA	NA	NA	NA
NC_045512.2	29020	A	G	1143	624	33	1	1	34	0.000874126	1144	0.750328	FALSE	NA	NA	NA	NA	NA	NA
NC_045512.2	29025	C	A	1115	654	33	1	0	34	0.000896057	1116	0.750336	FALSE	NA	NA	NA	NA	NA	NA
NC_045512.2	29030	G	C	1123	668	33	1	1	26	0.00088968	1124	0.999764	FALSE	NA	NA	NA	NA	NA	NA
NC_045512.2	29047	T	C	1070	658	33	1	0	34	0.000933707	1071	0.75035	FALSE	NA	NA	NA	NA	NA	NA
NC_045512.2	29049	G	T	1081	669	33	1	1	26	0.000923361	1083	0.999524	FALSE	NA	NA	NA	NA	NA	NA
NC_045512.2	29049	G	A	1081	669	33	1	1	34	0.000923361	1083	0.750116	FALSE	NA	NA	NA	NA	NA	NA
NC_045512.2	29050	G	A	1070	667	33	1	0	34	0.000933707	1071	0.75035	FALSE	NA	NA	NA	NA	NA	NA
NC_045512.2	29053	A	T	1108	690	33	1	1	34	0.000901713	1109	0.750338	FALSE	NA	NA	NA	NA	NA	NA
NC_045512.2	29057	C	G	1097	710	33	1	0	26	0.000910747	1098	0.999526	FALSE	NA	NA	NA	NA	NA	NA
NC_045512.2	29066	A	G	1198	848	33	1	1	34	0.000834028	1199	0.750313	FALSE	NA	NA	NA	NA	NA	NA
NC_045512.2	29081	G	C	1120	817	33	1	0	26	0.000892061	1121	0.999764	FALSE	NA	NA	NA	NA	NA	NA
NC_045512.2	29088	A	T	1008	712	33	1	1	26	0.00099108	1009	0.999528	FALSE	NA	NA	NA	NA	NA	NA
NC_045512.2	29089	A	T	1015	725	33	1	1	34	0.000984252	1016	0.750369	FALSE	NA	NA	NA	NA	NA	NA
NC_045512.2	29090	G	T	989	716	33	1	1	34	0.0010101	990	0.500253	FALSE	NA	NA	NA	NA	NA	NA
NC_045512.2	29091	C	T	971	716	33	1	1	26	0.00102881	972	0.999051	FALSE	NA	NA	NA	NA	NA	NA
NC_045512.2	29095	C	T	964	709	33	1	1	26	0.00103627	965	0.999051	FALSE	NA	NA	NA	NA	NA	NA
NC_045512.2	29096	G	T	970	707	33	1	1	26	0.00102987	971	0.999051	FALSE	NA	NA	NA	NA	NA	NA
NC_045512.2	29097	G	A	957	700	33	1	0	34	0.00104384	958	0.500261	FALSE	NA	NA	NA	NA	NA	NA
NC_045512.2	29101	A	T	935	684	33	1	0	34	0.00106838	936	0.500267	FALSE	NA	NA	NA	NA	NA	NA
NC_045512.2	29117	A	G	683	578	33	1	0	26	0.00146199	684	0.992347	FALSE	NA	NA	NA	NA	NA	NA
NC_045512.2	29127	A	T	709	548	33	1	1	26	0.00140845	710	0.996192	FALSE	NA	NA	NA	NA	NA	NA
NC_045512.2	29141	G	T	659	531	33	1	1	26	0.00151515	660	0.992352	FALSE	NA	NA	NA	NA	NA	NA
NC_045512.2	29171	C	A	440	367	33	2	2	34	0.00452489	442	0.250283	FALSE	NA	NA	NA	NA	NA	NA
