,collection_date,lineage,abundance
0,2023-10-26,XBB.1.5.X,0.9999999599999999
1,2023-05-10,XBB.1.5.X,0.9261209499999998
2,2024-12-09,XBB.1.5.X,0.0
3,2024-06-27,XBB.1.5.X,4.3e-07
4,2023-10-30,XBB.1.5.X,8.099999999999999e-07
5,2024-11-14,XBB.1.5.X,0.0
6,2023-10-19,XBB.1.5.X,0.27224972999999997
7,2024-04-15,XBB.1.5.X,0.0
8,2024-07-04,XBB.1.5.X,0.0
9,2023-09-21,XBB.1.5.X,0.56330158
10,2024-08-12,XBB.1.5.X,0.0
11,2024-11-11,XBB.1.5.X,2.7299999999999993e-06
12,2024-05-20,XBB.1.5.X,0.0
13,2023-10-16,XBB.1.5.X,0.10509649
14,2024-05-13,XBB.1.5.X,0.0
15,2023-09-18,XBB.1.5.X,0.12186493000000001
16,2024-09-30,XBB.1.5.X,0.0
17,2024-08-26,XBB.1.5.X,0.0
18,2024-12-02,XBB.1.5.X,0.0
19,2023-08-21,XBB.1.5.X,0.9997681199999999
20,2024-10-24,XBB.1.5.X,0.0
21,2024-04-11,XBB.1.5.X,0.0
22,2024-04-18,XBB.1.5.X,0.0
23,2023-10-02,XBB.1.5.X,0.04062591000000001
24,2024-04-04,XBB.1.5.X,1.26e-06
25,2024-02-15,XBB.1.5.X,0.0
26,2023-09-28,XBB.1.5.X,0.28966817999999994
27,2024-05-16,XBB.1.5.X,0.0
28,2024-07-08,XBB.1.5.X,0.0
29,2024-12-05,XBB.1.5.X,0.0
30,2023-10-26,XBB.X,0.0
31,2023-05-10,XBB.X,0.07366722000000002
32,2024-12-09,XBB.X,0.0
33,2024-06-27,XBB.X,4.3e-07
34,2023-10-30,XBB.X,1.77e-06
35,2024-11-14,XBB.X,0.0
36,2023-10-19,XBB.X,0.45735517000000003
37,2024-04-15,XBB.X,5.7e-07
38,2024-07-04,XBB.X,0.0
39,2023-09-21,XBB.X,0.11754945
40,2024-08-12,XBB.X,0.0
41,2024-11-11,XBB.X,9.970000000000004e-06
42,2024-05-20,XBB.X,0.0
43,2023-10-16,XBB.X,2.9e-07
44,2024-05-13,XBB.X,0.0
45,2023-09-18,XBB.X,0.00031126
46,2024-09-30,XBB.X,0.0
47,2024-08-26,XBB.X,0.0
48,2024-12-02,XBB.X,0.0
49,2023-08-21,XBB.X,0.0
50,2024-10-24,XBB.X,0.0
51,2024-04-11,XBB.X,3.2e-07
52,2024-04-18,XBB.X,0.0
53,2023-10-02,XBB.X,0.9590337100000003
54,2024-04-04,XBB.X,1.11e-06
55,2024-02-15,XBB.X,0.0
56,2023-09-28,XBB.X,0.7090017900000001
57,2024-05-16,XBB.X,0.0
58,2024-07-08,XBB.X,0.0
59,2024-12-05,XBB.X,0.0
60,2023-10-26,BA.2.X,0.0
61,2023-05-10,BA.2.X,5.804e-05
62,2024-12-09,BA.2.X,0.0
63,2024-06-27,BA.2.X,3.6e-07
64,2023-10-30,BA.2.X,0.00025608
65,2024-11-14,BA.2.X,0.0
66,2023-10-19,BA.2.X,0.03072193
67,2024-04-15,BA.2.X,0.0
68,2024-07-04,BA.2.X,0.0
69,2023-09-21,BA.2.X,0.0
70,2024-08-12,BA.2.X,0.0
71,2024-11-11,BA.2.X,3.64e-06
72,2024-05-20,BA.2.X,0.0
73,2023-10-16,BA.2.X,0.0
74,2024-05-13,BA.2.X,0.0
75,2023-09-18,BA.2.X,0.00012087
76,2024-09-30,BA.2.X,0.0
77,2024-08-26,BA.2.X,0.0
78,2024-12-02,BA.2.X,0.00145695
79,2023-08-21,BA.2.X,0.0
80,2024-10-24,BA.2.X,0.00021597
81,2024-04-11,BA.2.X,0.0
82,2024-04-18,BA.2.X,0.0
83,2023-10-02,BA.2.X,0.0
84,2024-04-04,BA.2.X,0.0
85,2024-02-15,BA.2.X,0.0
86,2023-09-28,BA.2.X,0.00048662
87,2024-05-16,BA.2.X,0.0
88,2024-07-08,BA.2.X,0.0
89,2024-12-05,BA.2.X,0.0
90,2023-10-26,BA.2.12.X,0.0
91,2023-05-10,BA.2.12.X,4.456e-05
92,2024-12-09,BA.2.12.X,0.0
93,2024-06-27,BA.2.12.X,0.0
94,2023-10-30,BA.2.12.X,0.0
95,2024-11-14,BA.2.12.X,0.0
96,2023-10-19,BA.2.12.X,0.0
97,2024-04-15,BA.2.12.X,0.0
98,2024-07-04,BA.2.12.X,0.0
99,2023-09-21,BA.2.12.X,0.0
100,2024-08-12,BA.2.12.X,0.0
101,2024-11-11,BA.2.12.X,0.0
102,2024-05-20,BA.2.12.X,0.0
103,2023-10-16,BA.2.12.X,0.0
104,2024-05-13,BA.2.12.X,0.0
105,2023-09-18,BA.2.12.X,0.0
106,2024-09-30,BA.2.12.X,0.0
107,2024-08-26,BA.2.12.X,0.0
108,2024-12-02,BA.2.12.X,0.0
109,2023-08-21,BA.2.12.X,0.0
110,2024-10-24,BA.2.12.X,0.0
111,2024-04-11,BA.2.12.X,0.0
112,2024-04-18,BA.2.12.X,0.0
113,2023-10-02,BA.2.12.X,0.0
114,2024-04-04,BA.2.12.X,0.0
115,2024-02-15,BA.2.12.X,0.0
116,2023-09-28,BA.2.12.X,0.0
117,2024-05-16,BA.2.12.X,0.0
118,2024-07-08,BA.2.12.X,0.0
119,2024-12-05,BA.2.12.X,0.0
120,2023-10-26,BA.4.X,0.0
121,2023-05-10,BA.4.X,4.034e-05
122,2024-12-09,BA.4.X,0.0
123,2024-06-27,BA.4.X,0.0
124,2023-10-30,BA.4.X,0.0
125,2024-11-14,BA.4.X,0.0
126,2023-10-19,BA.4.X,0.0
127,2024-04-15,BA.4.X,0.0
128,2024-07-04,BA.4.X,0.0
129,2023-09-21,BA.4.X,0.0
130,2024-08-12,BA.4.X,0.0
131,2024-11-11,BA.4.X,0.0
132,2024-05-20,BA.4.X,0.0
133,2023-10-16,BA.4.X,0.0
134,2024-05-13,BA.4.X,0.0
135,2023-09-18,BA.4.X,0.0
136,2024-09-30,BA.4.X,0.0
137,2024-08-26,BA.4.X,0.0
138,2024-12-02,BA.4.X,0.0
139,2023-08-21,BA.4.X,0.0
140,2024-10-24,BA.4.X,0.0
141,2024-04-11,BA.4.X,0.0
142,2024-04-18,BA.4.X,0.0
143,2023-10-02,BA.4.X,0.0
144,2024-04-04,BA.4.X,0.0
145,2024-02-15,BA.4.X,0.0
146,2023-09-28,BA.4.X,0.0002164
147,2024-05-16,BA.4.X,0.0
148,2024-07-08,BA.4.X,0.0
149,2024-12-05,BA.4.X,0.0
150,2023-10-26,Recombinants,0.0
151,2023-05-10,Recombinants,6.85e-05
152,2024-12-09,Recombinants,0.0
153,2024-06-27,Recombinants,0.0
154,2023-10-30,Recombinants,3.2e-07
155,2024-11-14,Recombinants,0.06107983000000001
156,2023-10-19,Recombinants,0.0017094
157,2024-04-15,Recombinants,0.0
158,2024-07-04,Recombinants,0.0
159,2023-09-21,Recombinants,0.05208342
160,2024-08-12,Recombinants,0.00018802
161,2024-11-11,Recombinants,2.32e-06
162,2024-05-20,Recombinants,0.00029378
163,2023-10-16,Recombinants,0.0
164,2024-05-13,Recombinants,6.472e-05
165,2023-09-18,Recombinants,0.0
166,2024-09-30,Recombinants,0.00015733
167,2024-08-26,Recombinants,0.0
168,2024-12-02,Recombinants,0.15513228
169,2023-08-21,Recombinants,0.0
170,2024-10-24,Recombinants,0.00022542000000000002
171,2024-04-11,Recombinants,0.00014972000000000002
172,2024-04-18,Recombinants,0.0002999
173,2023-10-02,Recombinants,7.06e-05
174,2024-04-04,Recombinants,0.0
175,2024-02-15,Recombinants,0.0
176,2023-09-28,Recombinants,0.00024307
177,2024-05-16,Recombinants,0.0
178,2024-07-08,Recombinants,6.871e-05
179,2024-12-05,Recombinants,0.0
180,2023-10-26,Other,0.0
181,2023-05-10,Other,7e-07
182,2024-12-09,Other,1.7e-06
183,2024-06-27,Other,5.600000000000001e-06
184,2023-10-30,Other,9.78e-06
185,2024-11-14,Other,0.0
186,2023-10-19,Other,0.0
187,2024-04-15,Other,3.12e-06
188,2024-07-04,Other,2.6e-07
189,2023-09-21,Other,0.0
190,2024-08-12,Other,0.0
191,2024-11-11,Other,4.907999999999999e-05
192,2024-05-20,Other,0.0
193,2023-10-16,Other,2.58e-06
194,2024-05-13,Other,8.574e-05
195,2023-09-18,Other,1.08e-06
196,2024-09-30,Other,0.0
197,2024-08-26,Other,0.0
198,2024-12-02,Other,2.6e-07
199,2023-08-21,Other,0.0
200,2024-10-24,Other,2.2399999999999997e-06
201,2024-04-11,Other,3.7e-06
202,2024-04-18,Other,0.00013401
203,2023-10-02,Other,0.00026506
204,2024-04-04,Other,3.54e-06
205,2024-02-15,Other,0.0
206,2023-09-28,Other,5.051e-05
207,2024-05-16,Other,0.00011099999999999999
208,2024-07-08,Other,8.016e-05
209,2024-12-05,Other,0.0
210,2023-10-26,LB.1.3.4.X,0.0
211,2023-05-10,LB.1.3.4.X,0.0
212,2024-12-09,LB.1.3.4.X,0.405405
213,2024-06-27,LB.1.3.4.X,0.99969703
214,2023-10-30,LB.1.3.4.X,0.0
215,2024-11-14,LB.1.3.4.X,0.01092606
216,2023-10-19,LB.1.3.4.X,0.0
217,2024-04-15,LB.1.3.4.X,0.0
218,2024-07-04,LB.1.3.4.X,0.0
219,2023-09-21,LB.1.3.4.X,0.0
220,2024-08-12,LB.1.3.4.X,0.0
221,2024-11-11,LB.1.3.4.X,0.39969005
222,2024-05-20,LB.1.3.4.X,0.0
223,2023-10-16,LB.1.3.4.X,0.0
224,2024-05-13,LB.1.3.4.X,0.0
225,2023-09-18,LB.1.3.4.X,0.0
226,2024-09-30,LB.1.3.4.X,0.0
227,2024-08-26,LB.1.3.4.X,1.0
228,2024-12-02,LB.1.3.4.X,0.16822399
229,2023-08-21,LB.1.3.4.X,0.0
230,2024-10-24,LB.1.3.4.X,0.00028588
231,2024-04-11,LB.1.3.4.X,0.0
232,2024-04-18,LB.1.3.4.X,0.0
233,2023-10-02,LB.1.3.4.X,0.0
234,2024-04-04,LB.1.3.4.X,0.0
235,2024-02-15,LB.1.3.4.X,0.0
236,2023-09-28,LB.1.3.4.X,0.0
237,2024-05-16,LB.1.3.4.X,0.0
238,2024-07-08,LB.1.3.4.X,0.0
239,2024-12-05,LB.1.3.4.X,1.0
240,2023-10-26,KP.3.X,0.0
241,2023-05-10,KP.3.X,0.0
242,2024-12-09,KP.3.X,0.25339445
243,2024-06-27,KP.3.X,3.8999999999999997e-07
244,2023-10-30,KP.3.X,0.0
245,2024-11-14,KP.3.X,0.0
246,2023-10-19,KP.3.X,0.0
247,2024-04-15,KP.3.X,0.00011386
248,2024-07-04,KP.3.X,0.0
249,2023-09-21,KP.3.X,0.0
250,2024-08-12,KP.3.X,0.0
251,2024-11-11,KP.3.X,1.28e-06
252,2024-05-20,KP.3.X,0.0
253,2023-10-16,KP.3.X,0.0
254,2024-05-13,KP.3.X,0.0
255,2023-09-18,KP.3.X,0.0
256,2024-09-30,KP.3.X,0.99890436
257,2024-08-26,KP.3.X,0.0
258,2024-12-02,KP.3.X,0.38577912999999997
259,2023-08-21,KP.3.X,0.0
260,2024-10-24,KP.3.X,0.43886962999999996
261,2024-04-11,KP.3.X,2.526e-05
262,2024-04-18,KP.3.X,0.0
263,2023-10-02,KP.3.X,0.0
264,2024-04-04,KP.3.X,4e-07
265,2024-02-15,KP.3.X,0.0
266,2023-09-28,KP.3.X,0.0
267,2024-05-16,KP.3.X,0.0
268,2024-07-08,KP.3.X,0.05352537999999999
269,2024-12-05,KP.3.X,0.0
270,2023-10-26,JN.1.X,0.0
271,2023-05-10,JN.1.X,0.0
272,2024-12-09,JN.1.X,0.2587789199999999
273,2024-06-27,JN.1.X,0.00030261000000000003
274,2023-10-30,JN.1.X,1.57e-06
275,2024-11-14,JN.1.X,0.7952401800000011
276,2023-10-19,JN.1.X,0.0
277,2024-04-15,JN.1.X,0.50273111
278,2024-07-04,JN.1.X,0.99999994
279,2023-09-21,JN.1.X,0.0
280,2024-08-12,JN.1.X,0.9998119700000001
281,2024-11-11,JN.1.X,8.526e-05
282,2024-05-20,JN.1.X,0.99937126
283,2023-10-16,JN.1.X,0.0
284,2024-05-13,JN.1.X,0.07569959999999998
285,2023-09-18,JN.1.X,0.0
286,2024-09-30,JN.1.X,0.00093832
287,2024-08-26,JN.1.X,0.0
288,2024-12-02,JN.1.X,0.27209566
289,2023-08-21,JN.1.X,0.0
290,2024-10-24,JN.1.X,0.55970351
291,2024-04-11,JN.1.X,0.48484684
292,2024-04-18,JN.1.X,0.9993990599999997
293,2023-10-02,JN.1.X,4.8e-06
294,2024-04-04,JN.1.X,0.5859952300000001
295,2024-02-15,JN.1.X,0.99906736
296,2023-09-28,JN.1.X,0.0
297,2024-05-16,JN.1.X,0.6349459999999998
298,2024-07-08,JN.1.X,0.0955767
299,2024-12-05,JN.1.X,0.0
300,2023-10-26,LB.1.3.X,0.0
301,2023-05-10,LB.1.3.X,0.0
302,2024-12-09,LB.1.3.X,0.0428612
303,2024-06-27,LB.1.3.X,0.0
304,2023-10-30,LB.1.3.X,2.7e-07
305,2024-11-14,LB.1.3.X,0.04916727
306,2023-10-19,LB.1.3.X,0.0
307,2024-04-15,LB.1.3.X,0.00010626
308,2024-07-04,LB.1.3.X,0.0
309,2023-09-21,LB.1.3.X,0.0
310,2024-08-12,LB.1.3.X,0.0
311,2024-11-11,LB.1.3.X,0.6002338400000001
312,2024-05-20,LB.1.3.X,6.051e-05
313,2023-10-16,LB.1.3.X,0.0
314,2024-05-13,LB.1.3.X,5.55e-05
315,2023-09-18,LB.1.3.X,0.0
316,2024-09-30,LB.1.3.X,0.0
317,2024-08-26,LB.1.3.X,0.0
318,2024-12-02,LB.1.3.X,0.0
319,2023-08-21,LB.1.3.X,0.0
320,2024-10-24,LB.1.3.X,5.401e-05
321,2024-04-11,LB.1.3.X,0.0
322,2024-04-18,LB.1.3.X,0.00014105
323,2023-10-02,LB.1.3.X,0.0
324,2024-04-04,LB.1.3.X,0.0
325,2024-02-15,LB.1.3.X,0.0
326,2023-09-28,LB.1.3.X,0.0
327,2024-05-16,LB.1.3.X,0.0
328,2024-07-08,LB.1.3.X,0.850501
329,2024-12-05,LB.1.3.X,0.0
330,2023-10-26,KP.1.X,0.0
331,2023-05-10,KP.1.X,0.0
332,2024-12-09,KP.1.X,0.02540944
333,2024-06-27,KP.1.X,0.0
334,2023-10-30,KP.1.X,0.0
335,2024-11-14,KP.1.X,7.002e-05
336,2023-10-19,KP.1.X,0.0
337,2024-04-15,KP.1.X,0.49660239999999994
338,2024-07-04,KP.1.X,0.0
339,2023-09-21,KP.1.X,0.0
340,2024-08-12,KP.1.X,0.0
341,2024-11-11,KP.1.X,2.9e-07
342,2024-05-20,KP.1.X,7.84e-05
343,2023-10-16,KP.1.X,0.0
344,2024-05-13,KP.1.X,0.0
345,2023-09-18,KP.1.X,0.0
346,2024-09-30,KP.1.X,0.0
347,2024-08-26,KP.1.X,0.0
348,2024-12-02,KP.1.X,0.00934847
349,2023-08-21,KP.1.X,0.0
350,2024-10-24,KP.1.X,0.00047054
351,2024-04-11,KP.1.X,0.0016031399999999999
352,2024-04-18,KP.1.X,0.0
353,2023-10-02,KP.1.X,0.0
354,2024-04-04,KP.1.X,0.0
355,2024-02-15,KP.1.X,0.0
356,2023-09-28,KP.1.X,0.0
357,2024-05-16,KP.1.X,0.0
358,2024-07-08,KP.1.X,0.00015215999999999998
359,2024-12-05,KP.1.X,0.0
360,2023-10-26,LP.8.1.X,0.0
361,2023-05-10,LP.8.1.X,0.0
362,2024-12-09,LP.8.1.X,0.01415083
363,2024-06-27,LP.8.1.X,0.0
364,2023-10-30,LP.8.1.X,0.0
365,2024-11-14,LP.8.1.X,0.0
366,2023-10-19,LP.8.1.X,0.0
367,2024-04-15,LP.8.1.X,0.0
368,2024-07-04,LP.8.1.X,0.0
369,2023-09-21,LP.8.1.X,0.0
370,2024-08-12,LP.8.1.X,0.0
371,2024-11-11,LP.8.1.X,1.22e-06
372,2024-05-20,LP.8.1.X,0.0
373,2023-10-16,LP.8.1.X,0.0
374,2024-05-13,LP.8.1.X,0.0
375,2023-09-18,LP.8.1.X,0.0
376,2024-09-30,LP.8.1.X,0.0
377,2024-08-26,LP.8.1.X,0.0
378,2024-12-02,LP.8.1.X,0.00796323
379,2023-08-21,LP.8.1.X,0.0
380,2024-10-24,LP.8.1.X,0.00017242
381,2024-04-11,LP.8.1.X,0.0
382,2024-04-18,LP.8.1.X,0.0
383,2023-10-02,LP.8.1.X,0.0
384,2024-04-04,LP.8.1.X,0.0
385,2024-02-15,LP.8.1.X,0.0
386,2023-09-28,LP.8.1.X,0.0
387,2024-05-16,LP.8.1.X,0.0
388,2024-07-08,LP.8.1.X,0.0
389,2024-12-05,LP.8.1.X,0.0
390,2023-10-26,BA.5.X,0.0
391,2023-05-10,BA.5.X,0.0
392,2024-12-09,BA.5.X,0.0
393,2024-06-27,BA.5.X,1.38e-06
394,2023-10-30,BA.5.X,2.1699999999999996e-06
395,2024-11-14,BA.5.X,0.0
396,2023-10-19,BA.5.X,0.0
397,2024-04-15,BA.5.X,6.699999999999999e-07
398,2024-07-04,BA.5.X,0.0
399,2023-09-21,BA.5.X,0.0
400,2024-08-12,BA.5.X,0.0
401,2024-11-11,BA.5.X,1.846e-05
402,2024-05-20,BA.5.X,0.0
403,2023-10-16,BA.5.X,0.0
404,2024-05-13,BA.5.X,6.104e-05
405,2023-09-18,BA.5.X,0.0
406,2024-09-30,BA.5.X,0.0
407,2024-08-26,BA.5.X,0.0
408,2024-12-02,BA.5.X,0.0
409,2023-08-21,BA.5.X,0.0
410,2024-10-24,BA.5.X,0.0
411,2024-04-11,BA.5.X,5.6e-07
412,2024-04-18,BA.5.X,0.0
413,2023-10-02,BA.5.X,0.0
414,2024-04-04,BA.5.X,1.68e-06
415,2024-02-15,BA.5.X,0.0
416,2023-09-28,BA.5.X,0.00026645
417,2024-05-16,BA.5.X,0.0
418,2024-07-08,BA.5.X,4.279e-05
419,2024-12-05,BA.5.X,0.0
420,2023-10-26,BA.2.86.X,0.0
421,2023-05-10,BA.2.86.X,0.0
422,2024-12-09,BA.2.86.X,0.0
423,2024-06-27,BA.2.86.X,0.0
424,2023-10-30,BA.2.86.X,0.9997434799999998
425,2024-11-14,BA.2.86.X,0.08351722999999997
426,2023-10-19,BA.2.86.X,0.23796363
427,2024-04-15,BA.2.86.X,0.00044597
428,2024-07-04,BA.2.86.X,0.0
429,2023-09-21,BA.2.86.X,0.26706558
430,2024-08-12,BA.2.86.X,0.0
431,2024-11-11,BA.2.86.X,0.0
432,2024-05-20,BA.2.86.X,0.00019598
433,2023-10-16,BA.2.86.X,0.89490392
434,2024-05-13,BA.2.86.X,0.92403338
435,2023-09-18,BA.2.86.X,0.8777029399999999
436,2024-09-30,BA.2.86.X,0.0
437,2024-08-26,BA.2.86.X,0.0
438,2024-12-02,BA.2.86.X,0.0
439,2023-08-21,BA.2.86.X,0.0
440,2024-10-24,BA.2.86.X,0.0
441,2024-04-11,BA.2.86.X,0.51337367
442,2024-04-18,BA.2.86.X,2.601e-05
443,2023-10-02,BA.2.86.X,0.0
444,2024-04-04,BA.2.86.X,0.41400309
445,2024-02-15,BA.2.86.X,0.0
446,2023-09-28,BA.2.86.X,6.693e-05
447,2024-05-16,BA.2.86.X,0.36494299999999996
448,2024-07-08,BA.2.86.X,5.299e-05
449,2024-12-05,BA.2.86.X,0.0
450,2023-10-26,Delta,0.0
451,2023-05-10,Delta,0.0
452,2024-12-09,Delta,0.0
453,2024-06-27,Delta,0.0
454,2023-10-30,Delta,4.1e-07
455,2024-11-14,Delta,0.0
456,2023-10-19,Delta,0.0
457,2024-04-15,Delta,0.0
458,2024-07-04,Delta,0.0
459,2023-09-21,Delta,0.0
460,2024-08-12,Delta,0.0
461,2024-11-11,Delta,1.6499999999999999e-06
462,2024-05-20,Delta,0.0
463,2023-10-16,Delta,0.0
464,2024-05-13,Delta,0.0
465,2023-09-18,Delta,0.0
466,2024-09-30,Delta,0.0
467,2024-08-26,Delta,0.0
468,2024-12-02,Delta,0.0
469,2023-08-21,Delta,0.0
470,2024-10-24,Delta,0.0
471,2024-04-11,Delta,0.0
472,2024-04-18,Delta,0.0
473,2023-10-02,Delta,0.0
474,2024-04-04,Delta,6.3e-07
475,2024-02-15,Delta,0.0
476,2023-09-28,Delta,0.0
477,2024-05-16,Delta,0.0
478,2024-07-08,Delta,0.0
479,2024-12-05,Delta,0.0
480,2023-10-26,BA.1.X,0.0
481,2023-05-10,BA.1.X,0.0
482,2024-12-09,BA.1.X,0.0
483,2024-06-27,BA.1.X,0.0
484,2023-10-30,BA.1.X,0.0
485,2024-11-14,BA.1.X,0.0
486,2023-10-19,BA.1.X,0.0
487,2024-04-15,BA.1.X,0.0
488,2024-07-04,BA.1.X,0.0
489,2023-09-21,BA.1.X,0.0
490,2024-08-12,BA.1.X,0.0
491,2024-11-11,BA.1.X,2.03e-06
492,2024-05-20,BA.1.X,0.0
493,2023-10-16,BA.1.X,0.0
494,2024-05-13,BA.1.X,0.0
495,2023-09-18,BA.1.X,0.0
496,2024-09-30,BA.1.X,0.0
497,2024-08-26,BA.1.X,0.0
498,2024-12-02,BA.1.X,0.0
499,2023-08-21,BA.1.X,0.0
500,2024-10-24,BA.1.X,0.0
501,2024-04-11,BA.1.X,0.0
502,2024-04-18,BA.1.X,0.0
503,2023-10-02,BA.1.X,0.0
504,2024-04-04,BA.1.X,0.0
505,2024-02-15,BA.1.X,0.0
506,2023-09-28,BA.1.X,0.0
507,2024-05-16,BA.1.X,0.0
508,2024-07-08,BA.1.X,0.0
509,2024-12-05,BA.1.X,0.0
510,2023-10-26,XEC.X,0.0
511,2023-05-10,XEC.X,0.0
512,2024-12-09,XEC.X,0.0
513,2024-06-27,XEC.X,0.0
514,2023-10-30,XEC.X,0.0
515,2024-11-14,XEC.X,0.0
516,2023-10-19,XEC.X,0.0
517,2024-04-15,XEC.X,0.0
518,2024-07-04,XEC.X,0.0
519,2023-09-21,XEC.X,0.0
520,2024-08-12,XEC.X,0.0
521,2024-11-11,XEC.X,5.4e-07
522,2024-05-20,XEC.X,0.0
523,2023-10-16,XEC.X,0.0
524,2024-05-13,XEC.X,0.0
525,2023-09-18,XEC.X,0.0
526,2024-09-30,XEC.X,0.0
527,2024-08-26,XEC.X,0.0
528,2024-12-02,XEC.X,0.0
529,2023-08-21,XEC.X,0.0
530,2024-10-24,XEC.X,2.34e-06
531,2024-04-11,XEC.X,0.0
532,2024-04-18,XEC.X,0.0
533,2023-10-02,XEC.X,0.0
534,2024-04-04,XEC.X,0.0
535,2024-02-15,XEC.X,0.0
536,2023-09-28,XEC.X,0.0
537,2024-05-16,XEC.X,0.0
538,2024-07-08,XEC.X,0.0
539,2024-12-05,XEC.X,0.0
